"","country","year","iso_code","population","gdp","cement_co2","cement_co2_per_capita","co2","co2_growth_abs","co2_growth_prct","co2_including_luc","co2_including_luc_growth_abs","co2_including_luc_growth_prct","co2_including_luc_per_capita","co2_including_luc_per_gdp","co2_including_luc_per_unit_energy","co2_per_capita","co2_per_gdp","co2_per_unit_energy","coal_co2","coal_co2_per_capita","consumption_co2","consumption_co2_per_capita","consumption_co2_per_gdp","cumulative_cement_co2","cumulative_co2","cumulative_co2_including_luc","cumulative_coal_co2","cumulative_flaring_co2","cumulative_gas_co2","cumulative_luc_co2","cumulative_oil_co2","cumulative_other_co2","energy_per_capita","energy_per_gdp","flaring_co2","flaring_co2_per_capita","gas_co2","gas_co2_per_capita","ghg_excluding_lucf_per_capita","ghg_per_capita","land_use_change_co2","land_use_change_co2_per_capita","methane","methane_per_capita","nitrous_oxide","nitrous_oxide_per_capita","oil_co2","oil_co2_per_capita","other_co2_per_capita","other_industry_co2","primary_energy_consumption","share_global_cement_co2","share_global_co2","share_global_co2_including_luc","share_global_coal_co2","share_global_cumulative_cement_co2","share_global_cumulative_co2","share_global_cumulative_co2_including_luc","share_global_cumulative_coal_co2","share_global_cumulative_flaring_co2","share_global_cumulative_gas_co2","share_global_cumulative_luc_co2","share_global_cumulative_oil_co2","share_global_cumulative_other_co2","share_global_flaring_co2","share_global_gas_co2","share_global_luc_co2","share_global_oil_co2","share_global_other_co2","total_ghg","total_ghg_excluding_lucf","trade_co2","trade_co2_share","gdp_per_capita","continent"
"1","Afghanistan",1975,"AFG",12157390,15177767936,0.069,0.006,2.121,0.208,10.884,6.262,-0.268,-4.106,0.515,0.413,NA,0.174,0.14,NA,0.399,0.033,NA,NA,NA,0.878,21.287,305.76,5.646,1.862,2.772,804.065,10.129,NA,NA,NA,0.304,0.025,0.475,0.039,NA,NA,4.14,0.341,NA,NA,NA,NA,0.874,0.072,NA,NA,NA,0.02,0.012,0.029,0.007,0.015,0.004,0.03,0.002,0.043,0.008,0.155,0.007,NA,0.09,0.021,0.095,0.011,NA,NA,NA,NA,NA,1248.43966805375,"Asie"
"2","Aland Islands",1975,"ALA",NA,NA,NA,NA,NA,NA,NA,NA,NA,NA,NA,NA,NA,NA,NA,NA,NA,NA,NA,NA,NA,NA,NA,NA,NA,NA,NA,5.716,NA,NA,NA,NA,NA,NA,NA,NA,NA,NA,0,NA,NA,NA,NA,NA,NA,NA,NA,NA,NA,NA,NA,NA,NA,NA,NA,NA,NA,NA,NA,0.001,NA,NA,NA,NA,0,NA,NA,NA,NA,NA,NA,NA,"Europe"
"3","Albania",1975,"ALB",2650128,8761643008,0.323,0.122,4.591,0.25,5.751,8.622,0.873,11.26,3.253,0.984,NA,1.732,0.524,NA,1.26,0.476,NA,NA,NA,2.475,67.32,272.138,12.765,0,3.463,397.214,48.617,NA,NA,NA,0,0,0.553,0.209,NA,NA,4.03,1.521,NA,NA,NA,NA,2.455,0.926,NA,NA,NA,0.095,0.027,0.04,0.021,0.042,0.013,0.027,0.004,0,0.01,0.077,0.035,NA,0,0.025,0.092,0.031,NA,NA,NA,NA,NA,3306.12068851014,"Europe"
"4","Algeria",1975,"DZA",15724698,64883814400,0.469,0.03,32.001,0.125,0.391,61.936,3.642,6.248,3.939,0.955,0.88,2.035,0.493,0.455,0.791,0.05,NA,NA,NA,10.923,290.132,960.168,31.717,90.539,28.056,968.945,128.898,NA,4475.105,1.085,14.991,0.953,4.459,0.284,NA,NA,29.935,1.904,NA,NA,NA,NA,11.291,0.718,NA,NA,70.37,0.138,0.188,0.289,0.013,0.185,0.057,0.094,0.01,2.081,0.081,0.187,0.093,NA,4.453,0.198,0.685,0.14,NA,NA,NA,NA,NA,4126.23596332343,"Afrique"
"5","American Samoa",1975,"ASM",29596,NA,NA,NA,NA,NA,NA,NA,NA,NA,NA,NA,NA,NA,NA,NA,NA,NA,NA,NA,NA,NA,NA,NA,NA,NA,NA,0.073,NA,NA,NA,NA,NA,NA,NA,NA,NA,NA,0,NA,NA,NA,NA,NA,NA,NA,NA,NA,NA,NA,NA,NA,NA,NA,NA,NA,NA,NA,NA,0,NA,NA,NA,NA,0,NA,NA,NA,NA,NA,NA,NA,"Océanie"
"6","Andorra",1975,"AND",27664,NA,0,0,0,0,NA,0,-0.037,-100,0,NA,NA,0,NA,NA,NA,NA,NA,NA,NA,0,0,-0.33,NA,NA,NA,-0.33,NA,NA,NA,NA,NA,NA,NA,NA,NA,NA,0,0,NA,NA,NA,NA,NA,NA,NA,NA,NA,0,0,0,NA,0,0,0,NA,NA,NA,0,NA,NA,NA,NA,0,NA,NA,NA,NA,NA,NA,NA,"Europe"
"7","Angola",1975,"AGO",7032728,10064128000,0.323,0.046,4.409,-0.458,-9.403,35.992,-2.4,-6.25,5.118,3.576,NA,0.627,0.438,NA,0,0,NA,NA,NA,3.382,42.486,3475.947,1.601,9.997,0.659,8149.396,26.847,NA,NA,NA,1.781,0.253,0.125,0.018,NA,NA,31.584,4.491,NA,NA,NA,NA,2.18,0.31,NA,NA,NA,0.095,0.026,0.168,0,0.057,0.008,0.34,0,0.23,0.002,1.571,0.019,NA,0.529,0.006,0.723,0.027,NA,NA,NA,NA,NA,1431.04183753445,"Afrique"
"8","Anguilla",1975,"AIA",6483,NA,NA,NA,NA,NA,NA,NA,NA,NA,NA,NA,NA,NA,NA,NA,NA,NA,NA,NA,NA,NA,NA,NA,NA,NA,NA,0,NA,NA,NA,NA,NA,NA,NA,NA,NA,NA,0,0,NA,NA,NA,NA,NA,NA,NA,NA,NA,NA,NA,NA,NA,NA,NA,NA,NA,NA,NA,0,NA,NA,NA,NA,0,NA,NA,NA,NA,NA,NA,NA,"Amérique"
"9","Antigua and Barbuda",1975,"ATG",64053,NA,0,0,0.707,0.278,64.957,0.597,0.278,87.356,9.324,NA,NA,11.04,NA,NA,0,0,NA,NA,NA,0,6.478,6.331,0,0,0,-6.852,6.478,NA,NA,NA,0,0,0,0,NA,NA,-0.11,-1.716,NA,NA,NA,NA,0.707,11.04,NA,NA,NA,0,0.004,0.003,0,0,0.001,0.001,0,0,0,-0.001,0.005,NA,0,0,-0.003,0.009,NA,NA,NA,NA,NA,NA,"Amérique"
"10","Argentina",1975,"ARG",25875562,337656020992,2.715,0.105,94.846,-0.635,-0.665,140.463,-6.974,-4.73,5.428,0.416,0.349,3.665,0.281,0.235,3.594,0.139,NA,NA,NA,51.155,2062.24,10536.449,390.211,29.342,177.101,9059.02,1414.431,NA,15575.027,1.194,3.902,0.151,15.722,0.608,NA,NA,45.617,1.763,NA,NA,NA,NA,68.913,2.663,NA,NA,403.013,0.8,0.556,0.656,0.06,0.866,0.406,1.031,0.121,0.674,0.512,1.746,1.026,NA,1.159,0.697,1.044,0.857,NA,NA,NA,NA,NA,13049.2246310244,"Amérique"
"11","Armenia",1975,"ARM",2830798,NA,0.261,0.092,6.633,0.33,5.233,7.732,0.183,2.428,2.731,NA,NA,2.343,NA,NA,0.848,0.3,NA,NA,NA,3.304,120.205,288.713,29.756,0.524,18.253,172.904,68.368,NA,NA,NA,0.123,0.044,1.519,0.537,NA,NA,1.099,0.388,NA,NA,NA,NA,3.881,1.371,NA,NA,NA,0.077,0.039,0.036,0.014,0.056,0.024,0.028,0.009,0.012,0.053,0.033,0.05,NA,0.037,0.067,0.025,0.048,NA,NA,NA,NA,NA,NA,"Asie"
"12","Aruba",1975,"ABW",60728,NA,0,0,0.571,-0.217,-27.582,NA,NA,NA,NA,NA,NA,9.398,NA,NA,0,0,NA,NA,NA,0,21.4,NA,0,0,0,NA,21.4,NA,NA,NA,0,0,0,0,NA,NA,NA,NA,NA,NA,NA,NA,0.571,9.398,NA,NA,NA,0,0.003,NA,0,0,0.004,NA,0,0,0,NA,0.016,NA,0,0,NA,0.007,NA,NA,NA,NA,NA,NA,"Amérique"
"13","Australia",1975,"AUS",13886865,289102987264,2.473,0.178,175.714,3.525,2.047,233.129,77.098,49.412,16.788,0.806,0.322,12.653,0.608,0.243,86.943,6.261,NA,NA,NA,48.021,4072.357,12915.164,2938.425,0,35.801,8842.808,1050.11,NA,52128.41,2.504,0,0,8.369,0.603,NA,NA,57.415,4.134,NA,NA,NA,NA,77.93,5.612,NA,NA,723.9,0.729,1.03,1.088,1.44,0.813,0.803,1.264,0.907,0,0.103,1.704,0.761,NA,0,0.371,1.314,0.969,NA,NA,NA,NA,NA,20818.4487473595,"Océanie"
"14","Austria",1975,"AUT",7576929,140694749184,2.672,0.353,54.214,-3.08,-5.377,50.513,-2.897,-5.425,6.667,0.359,0.18,7.155,0.385,0.193,14.564,1.922,NA,NA,NA,50.052,2618.936,2907.733,2055.687,0,92.793,317.119,420.405,NA,37094.656,1.998,0,0,8.108,1.07,NA,NA,-3.701,-0.488,NA,NA,NA,NA,28.869,3.81,NA,NA,281.064,0.788,0.318,0.236,0.241,0.848,0.516,0.285,0.635,0,0.268,0.061,0.305,NA,0,0.359,-0.085,0.359,NA,NA,NA,NA,NA,18568.8356303721,"Europe"
"15","Azerbaijan",1975,"AZE",5925014,NA,0.489,0.083,39.843,1.953,5.155,42.884,1.77,4.305,7.238,NA,NA,6.724,NA,NA,0.399,0.067,NA,NA,NA,6.566,725.443,1406.103,17.944,1.128,173.5,700.264,526.306,NA,NA,NA,0.262,0.044,13.397,2.261,NA,NA,3.041,0.513,NA,NA,NA,NA,25.296,4.269,NA,NA,NA,0.144,0.234,0.2,0.007,0.111,0.143,0.138,0.006,0.026,0.502,0.135,0.382,NA,0.078,0.594,0.07,0.315,NA,NA,NA,NA,NA,NA,"Asie"
"16","Bahamas",1975,"BHS",201900,NA,0.189,0.936,8.246,0.866,11.74,8.136,0.793,10.8,40.298,NA,NA,40.843,NA,NA,0,0,NA,NA,NA,3.442,51.458,56.295,0.029,0,0,9.453,47.987,NA,NA,NA,0,0,0,0,NA,NA,-0.11,-0.544,NA,NA,NA,NA,8.057,39.907,NA,NA,NA,0.056,0.048,0.038,0,0.058,0.01,0.006,0,0,0,0.002,0.035,NA,0,0,-0.003,0.1,NA,NA,NA,NA,NA,NA,"Amérique"
"17","Bahrain",1975,"BHR",285125,1617948800,0,0,5.749,0.348,6.445,5.749,0.348,6.445,20.162,3.553,NA,20.162,3.553,NA,0,0,NA,NA,NA,0,95.751,95.751,0.073,0,16.296,0,79.382,NA,NA,NA,0,0,3.99,13.994,NA,NA,0,0,NA,NA,NA,NA,1.759,6.168,NA,NA,NA,0,0.034,0.027,0,0,0.019,0.009,0,0,0.047,0,0.058,NA,0,0.177,0,0.022,NA,NA,NA,NA,NA,5674.52450679527,"Asie"
"18","Bangladesh",1975,"BGD",74700344,64196587520,0.075,0.001,4.857,0.204,4.376,34.279,-3.094,-8.279,0.459,0.534,1.607,0.065,0.076,0.228,0.473,0.006,NA,NA,NA,0.268,70.318,1544.015,16.38,0,9.121,4027.872,44.548,NA,285.556,0.332,0,0,0.964,0.013,NA,NA,29.422,0.394,NA,NA,NA,NA,3.345,0.045,NA,NA,21.331,0.022,0.028,0.16,0.008,0.005,0.014,0.151,0.005,0,0.026,0.776,0.032,NA,0,0.043,0.673,0.042,NA,NA,NA,NA,NA,859.388110983799,"Asie"
"19","Barbados",1975,"BRB",247096,2426775040,0,0,0.568,0.077,15.672,0.605,0.077,14.583,2.447,0.249,NA,2.298,0.234,NA,0,0,NA,NA,NA,0,6.91,8.486,0.055,0,0.182,4.397,6.674,NA,NA,NA,0,0,0.004,0.015,NA,NA,0.037,0.148,NA,NA,NA,NA,0.564,2.284,NA,NA,NA,0,0.003,0.003,0,0,0.001,0.001,0,0,0.001,0.001,0.005,NA,0,0,0.001,0.007,NA,NA,NA,NA,NA,9821.18302198336,"Amérique"
"20","Belarus",1975,"BLR",9500735,NA,1.314,0.138,83.57,4.071,5.12,96.137,4.327,4.713,10.119,NA,NA,8.796,NA,NA,8.027,0.845,NA,NA,NA,18.6,1524.126,5193.364,273.414,2.564,90.251,3863.615,1139.299,NA,NA,NA,0.603,0.063,7.485,0.788,NA,NA,12.568,1.323,NA,NA,NA,NA,66.142,6.962,NA,NA,NA,0.387,0.49,0.449,0.133,0.315,0.3,0.508,0.084,0.059,0.261,0.745,0.826,NA,0.179,0.332,0.288,0.823,NA,NA,NA,NA,NA,NA,"Europe"
"21","Belgium",1975,"BEL",9763432,194240675840,3.252,0.333,121.823,-13.127,-9.727,119.661,-12.907,-9.736,12.256,0.616,0.231,12.477,0.627,0.235,38.479,3.941,NA,NA,NA,90.743,7327.95,7516.95,6173.48,0,96.052,330.163,967.674,NA,53057.082,2.667,0,0,18.653,1.911,NA,NA,-2.162,-0.221,NA,NA,NA,NA,61.438,6.293,NA,NA,518.019,0.959,0.714,0.559,0.637,1.537,1.444,0.736,1.907,0,0.278,0.064,0.702,NA,0,0.827,-0.049,0.764,NA,NA,NA,NA,NA,19894.7128263914,"Europe"
"22","Belize",1975,"BLZ",130818,NA,0,0,0.176,0.022,14.286,2.338,1.451,163.636,17.869,NA,NA,1.344,NA,NA,0,0,NA,NA,NA,0,2.015,46.972,0,0,0,112.118,2.015,NA,NA,NA,0,0,0,0,NA,NA,2.162,16.525,NA,NA,NA,NA,0.176,1.344,NA,NA,NA,0,0.001,0.011,0,0,0,0.005,0,0,0,0.022,0.001,NA,0,0,0.049,0.002,NA,NA,NA,NA,NA,NA,"Amérique"
"23","Benin",1975,"BEN",3378701,4761257472,0,0,0.443,0.037,9.009,13.451,-0.843,-5.896,3.981,2.825,NA,0.131,0.093,NA,0,0,NA,NA,NA,0,3.873,258.154,0,0,0,249.628,3.873,NA,NA,NA,0,0,0,0,NA,NA,13.007,3.85,NA,NA,NA,NA,0.443,0.131,NA,NA,NA,0,0.003,0.063,0,0,0.001,0.025,0,0,0,0.048,0.003,NA,0,0,0.298,0.006,NA,NA,NA,NA,NA,1409.19763897427,"Afrique"
"24","Bermuda",1975,"BMU",53276,NA,0,0,0.458,0.015,3.306,NA,NA,NA,NA,NA,NA,8.597,NA,NA,0.004,0.069,NA,NA,NA,0,4.946,NA,0.04,0,0,NA,4.906,NA,NA,NA,0,0,0,0,NA,NA,NA,NA,NA,NA,NA,NA,0.454,8.528,NA,NA,NA,0,0.003,NA,0,0,0.001,NA,0,0,0,NA,0.004,NA,0,0,NA,0.006,NA,NA,NA,NA,NA,NA,"Amérique"
"25","Bhutan",1975,"BTN",352280,NA,0,0,0.004,0,0,13.524,1.649,13.885,38.389,NA,NA,0.01,NA,NA,0,0,NA,NA,NA,0,0.022,73.009,0,0,0,527.286,0.022,NA,NA,NA,0,0,0,0,NA,NA,13.52,38.379,NA,NA,NA,NA,0.004,0.01,NA,NA,NA,0,0,0.063,0,0,0,0.007,0,0,0,0.102,0,NA,0,0,0.309,0,NA,NA,NA,NA,NA,NA,"Asie"
"26","Bolivia",1975,"BOL",5127783,19706406912,0.131,0.025,4.055,0.542,15.43,44.359,-14.59,-24.751,8.651,2.251,NA,0.791,0.206,NA,0.004,0.001,NA,NA,NA,1.145,45.611,1936.675,0.216,6.897,1.989,4219.353,35.365,NA,NA,NA,0.805,0.157,0.249,0.049,NA,NA,40.304,7.86,NA,NA,NA,NA,2.866,0.559,NA,NA,NA,0.039,0.024,0.207,0,0.019,0.009,0.19,0,0.159,0.006,0.813,0.026,NA,0.239,0.011,0.922,0.036,NA,NA,NA,NA,NA,3843.06568979226,"Amérique"
"27","Bonaire Sint Eustatius and Saba",1975,"BES",10672,NA,0,0,0.123,-0.047,-27.582,0.123,-0.047,-27.582,11.522,NA,NA,11.522,NA,NA,0,0,NA,NA,NA,0,4.611,4.831,0,0,0,0.22,4.611,NA,NA,NA,0,0,0,0,NA,NA,0,0,NA,NA,NA,NA,0.123,11.522,NA,NA,NA,0,0.001,0.001,0,0,0.001,0,0,0,0,0,0.003,NA,0,0,0,0.002,NA,NA,NA,NA,NA,NA,"Amérique"
"28","Bosnia and Herzegovina",1975,"BIH",4022094,20883060736,0.1,0.025,13.46,0.56,4.338,14.083,0.266,1.928,3.501,0.674,NA,3.346,0.645,NA,10.683,2.656,NA,NA,NA,1.229,212.277,1102.813,190.239,0,1.626,1207.874,19.183,NA,NA,NA,0,0,0.231,0.057,NA,NA,0.623,0.155,NA,NA,NA,NA,2.445,0.608,NA,NA,NA,0.03,0.079,0.066,0.177,0.021,0.042,0.108,0.059,0,0.005,0.233,0.014,NA,0,0.01,0.014,0.03,NA,NA,NA,NA,NA,5192.08669315038,"Europe"
"29","Botswana",1975,"BWA",727933,1206259840,0,0,0.187,0.099,112.5,2.495,0.026,1.039,3.428,2.069,NA,0.257,0.155,NA,0.187,0.257,NA,NA,NA,0,0.348,10.168,0.348,0,0,162.205,0,NA,NA,NA,0,0,0,0,NA,NA,2.308,3.171,NA,NA,NA,NA,0,0,NA,NA,NA,0,0.001,0.012,0.003,0,0,0.001,0,0,0,0.031,0,NA,0,0,0.053,0,NA,NA,NA,NA,NA,1657.10283776117,"Afrique"
"30","Brazil",1975,"BRA",108700512,716641599488,7.525,0.069,149.878,7.262,5.092,1430.923,37.087,2.661,13.164,1.997,1.842,1.379,0.209,0.193,11.062,0.102,NA,NA,NA,80.41,1883.268,45549.172,407.01,15.697,4.675,47748.477,1375.476,NA,7148.021,1.084,0.806,0.007,0.78,0.007,NA,NA,1281.044,11.785,NA,NA,NA,NA,129.706,1.193,NA,NA,776.994,2.219,0.879,6.679,0.183,1.362,0.371,4.458,0.126,0.361,0.014,9.204,0.997,NA,0.239,0.035,29.314,1.613,NA,NA,NA,NA,NA,6592.80794820911,"Amérique"
"31","British Virgin Islands",1975,"VGB",10303,NA,0,0,0.026,0,0,NA,NA,NA,NA,NA,NA,2.489,NA,NA,0,0,NA,NA,NA,0,0.209,NA,0,0,0,NA,0.209,NA,NA,NA,0,0,0,0,NA,NA,NA,NA,NA,NA,NA,NA,0.026,2.489,NA,NA,NA,0,0,NA,0,0,0,NA,0,0,0,NA,0,NA,0,0,NA,0,NA,NA,NA,NA,NA,NA,"Amérique"
"32","Brunei",1975,"BRN",159667,NA,0,0,7.075,-1.103,-13.486,7.368,-1.213,-14.133,46.148,NA,NA,44.312,NA,NA,0,0,NA,NA,NA,0,90.061,134.066,0,43.65,13.334,44.005,33.076,NA,NA,NA,5.258,32.93,1.517,9.5,NA,NA,0.293,1.836,NA,NA,NA,NA,0.3,1.882,NA,NA,NA,0,0.041,0.034,0,0,0.018,0.013,0,1.003,0.039,0.008,0.024,NA,1.562,0.067,0.007,0.004,NA,NA,NA,NA,NA,NA,"Asie"
"33","Bulgaria",1975,"BGR",8860971,81059299328,2.093,0.236,72.922,1.786,2.51,93.844,19.226,25.767,10.591,1.158,0.354,8.23,0.9,0.275,34.398,3.882,NA,NA,NA,29.913,1069.844,2264.381,726.61,0,7.885,1341.317,305.436,NA,29941.727,3.273,0,0,2.224,0.251,NA,NA,20.921,2.361,NA,NA,NA,NA,34.207,3.86,NA,NA,265.313,0.617,0.428,0.438,0.57,0.507,0.211,0.222,0.224,0,0.023,0.259,0.221,NA,0,0.099,0.479,0.426,NA,NA,NA,NA,NA,9147.9025637258,"Europe"
"34","Burkina Faso",1975,"BFA",6138449,6059268096,0,0,0.22,0.015,7.143,11.212,-1.158,-9.36,1.826,1.85,NA,0.036,0.036,NA,0,0,NA,NA,NA,0,2.008,136.513,0,0,0,390.546,2.008,NA,NA,NA,0,0,0,0,NA,NA,10.992,1.791,NA,NA,NA,NA,0.22,0.036,NA,NA,NA,0,0.001,0.052,0,0,0,0.013,0,0,0,0.075,0.001,NA,0,0,0.252,0.003,NA,NA,NA,NA,NA,987.100828890164,"Afrique"
"35","Burundi",1975,"BDI",3749235,3246179840,0,0,0.077,-0.015,-16,3.081,-0.308,-9.081,0.822,0.949,NA,0.021,0.024,NA,0,0,NA,NA,NA,0,1.065,195.916,0.006,0,0,546.925,1.059,NA,NA,NA,0,0,0,0,NA,NA,3.004,0.801,NA,NA,NA,NA,0.077,0.021,NA,NA,NA,0,0,0.014,0,0,0,0.019,0,0,0,0.105,0.001,NA,0,0,0.069,0.001,NA,NA,NA,NA,NA,865.824585548785,"Afrique"
"36","Cambodia",1975,"KHM",6727925,6929422848,0,0,0.048,0,0,10.856,9.123,526.427,1.614,1.567,NA,0.007,0.007,NA,0,0,NA,NA,NA,0,6.991,2866.23,0.443,0,0,2859.239,6.548,NA,NA,NA,0,0,0,0,NA,NA,10.809,1.607,NA,NA,NA,NA,0.048,0.007,NA,NA,NA,0,0,0.051,0,0,0.001,0.281,0,0,0,0.551,0.005,NA,0,0,0.247,0.001,NA,NA,NA,NA,NA,1029.94947892552,"Asie"
"37","Cameroon",1975,"CMR",7397421,12613605376,0.116,0.016,1.161,0.187,19.181,46.887,4.62,10.931,6.338,3.717,NA,0.157,0.092,NA,0.004,0,NA,NA,NA,0.505,11.332,966.281,0.201,0,0,2164.984,10.626,NA,NA,NA,0,0,0,0,NA,NA,45.727,6.181,NA,NA,NA,NA,1.041,0.141,NA,NA,NA,0.034,0.007,0.219,0,0.009,0.002,0.095,0,0,0,0.417,0.008,NA,0,0,1.046,0.013,NA,NA,NA,NA,NA,1705.13552980153,"Afrique"
"38","Canada",1975,"CAN",23136250,529610735616,4.933,0.213,396.787,7.17,1.84,631.466,3.359,0.535,27.293,1.192,0.276,17.15,0.749,0.173,61.285,2.649,NA,NA,NA,95.516,10747.742,40251.219,5386.474,84.276,964.478,29503.846,4216.998,NA,98932.953,4.322,2.667,0.115,85.914,3.713,NA,NA,234.679,10.143,NA,NA,NA,NA,241.987,10.459,NA,NA,2288.938,1.455,2.327,2.947,1.015,1.618,2.118,3.94,1.664,1.937,2.788,5.687,3.058,NA,0.792,3.809,5.37,3.01,NA,NA,NA,NA,NA,22890.9497267708,"Amérique"
"39","Cape Verde",1975,"CPV",304382,346360000,0,0,0.077,0.011,16.667,0.077,0.011,16.667,0.253,0.222,NA,0.253,0.222,NA,0,0,NA,NA,NA,0.065,0.926,1.916,0.244,0,0,4.653,0.617,NA,NA,NA,0,0,0,0,NA,NA,0,0,NA,NA,NA,NA,0.077,0.253,NA,NA,NA,0,0,0,0,0.001,0,0,0,0,0,0.001,0,NA,0,0,0,0.001,NA,NA,NA,NA,NA,1137.9122287126,"Afrique"
"40","Central African Republic",1975,"CAF",2283931,2722734080,0,0,0.103,-0.011,-9.677,7.064,-0.341,-4.602,3.093,2.595,NA,0.045,0.038,NA,0,0,NA,NA,NA,0,2.066,123.491,0,0,0,612.877,2.066,NA,NA,NA,0,0,0,0,NA,NA,6.962,3.048,NA,NA,NA,NA,0.103,0.045,NA,NA,NA,0,0.001,0.033,0,0,0,0.012,0,0,0,0.118,0.001,NA,0,0,0.159,0.001,NA,NA,NA,NA,NA,1192.12624199242,"Afrique"
"41","Chad",1975,"TCD",4084114,3945146112,0,0,0.183,0.033,21.951,11.432,3.44,43.054,2.799,2.898,NA,0.045,0.046,NA,0,0,NA,NA,NA,0,1.927,104.629,0,0,0,702.828,1.927,NA,NA,NA,0,0,0,0,NA,NA,11.248,2.754,NA,NA,NA,NA,0.183,0.045,NA,NA,NA,0,0.001,0.053,0,0,0,0.01,0,0,0,0.135,0.001,NA,0,0,0.257,0.002,NA,NA,NA,NA,NA,965.973553137841,"Afrique"
"42","Chile",1975,"CHL",10639534,69003132928,0.455,0.043,22.945,-2.931,-11.327,76.952,9.527,14.129,7.233,1.115,0.886,2.157,0.333,0.264,3.568,0.335,NA,NA,NA,16.968,640.834,3654.804,316.267,50.86,15.873,3701.153,240.866,NA,8164.04,1.259,3.788,0.356,2.257,0.212,NA,NA,54.007,5.076,NA,NA,NA,NA,12.877,1.21,NA,NA,86.862,0.134,0.135,0.359,0.059,0.287,0.126,0.358,0.098,1.169,0.046,0.713,0.175,NA,1.125,0.1,1.236,0.16,NA,NA,NA,NA,NA,6485.54090132143,"Amérique"
"43","China",1975,"CHN",915124672,1460733607936,19.102,0.021,1183.215,155.115,15.088,1689.287,217.55,14.782,1.846,1.156,0.459,1.293,0.81,0.321,906.638,0.991,NA,NA,NA,170.326,15967.872,37473.5,13928.087,6.617,90.951,25130.789,1330.438,441.453,4021.793,2.52,1.905,0.002,16.972,0.019,NA,NA,506.072,0.553,NA,NA,NA,NA,204.191,0.223,0.038,34.406,3680.442,5.633,6.938,7.885,15.018,2.885,3.147,3.668,4.302,0.152,0.263,4.844,0.965,53.946,0.566,0.752,11.58,2.54,72.942,NA,NA,NA,NA,1596.21268295999,"Asie"
"44","Christmas Island",1975,"CXR",NA,NA,0,NA,0.136,0.011,8.824,NA,NA,NA,NA,NA,NA,NA,NA,NA,0,NA,NA,NA,NA,0,0.568,NA,0,0,0,NA,0.568,NA,NA,NA,0,NA,0,NA,NA,NA,NA,NA,NA,NA,NA,NA,0.136,NA,NA,NA,NA,0,0.001,NA,0,0,0,NA,0,0,0,NA,0,NA,0,0,NA,0.002,NA,NA,NA,NA,NA,NA,"Océanie"
"45","Colombia",1975,"COL",23403732,139249500160,1.481,0.063,35.809,-0.585,-1.608,107.001,-8.426,-7.3,4.572,0.768,0.701,1.53,0.257,0.234,8.779,0.375,NA,NA,NA,25.345,599.29,12920.992,182.068,16.608,52.938,17806.344,322.33,NA,6526.568,1.097,1.436,0.061,3.598,0.154,NA,NA,71.192,3.042,NA,NA,NA,NA,20.515,0.877,NA,NA,152.746,0.437,0.21,0.499,0.145,0.429,0.118,1.265,0.056,0.382,0.153,3.432,0.234,NA,0.427,0.16,1.629,0.255,NA,NA,NA,NA,NA,5949.88440988813,"Amérique"
"46","Comoros",1975,"COM",280044,286488000,0,0,0.033,0.004,12.5,0.033,0.004,12.5,0.118,0.115,NA,0.118,0.115,NA,0,0,NA,NA,NA,0,0.333,1.249,0,0,0,9.087,0.333,NA,NA,NA,0,0,0,0,NA,NA,0,0,NA,NA,NA,NA,0.033,0.118,NA,NA,NA,0,0,0,0,0,0,0,0,0,0,0.002,0,NA,0,0,0,0,NA,NA,NA,NA,NA,1023.0106697519,"Afrique"
"47","Congo",1975,"COG",1624940,3990269184,0,0,1.099,-0.524,-32.28,11.285,-0.707,-5.897,6.945,2.828,NA,0.676,0.275,NA,0,0,NA,NA,NA,0,9.109,433.034,0,3.17,0.482,2818.312,5.456,NA,NA,NA,0.729,0.449,0.033,0.02,NA,NA,10.186,6.268,NA,NA,NA,NA,0.337,0.207,NA,NA,NA,0,0.006,0.053,0,0,0.002,0.042,0,0.073,0.001,0.543,0.004,NA,0.217,0.001,0.233,0.004,NA,NA,NA,NA,NA,2455.64093689613,"Afrique"
"48","Cook Islands",1975,"COK",18883,NA,0,0,0.015,0.004,33.333,NA,NA,NA,NA,NA,NA,0.776,NA,NA,0,0,NA,NA,NA,0,0.081,NA,0,0,0,NA,0.081,NA,NA,NA,0,0,0,0,NA,NA,NA,NA,NA,NA,NA,NA,0.015,0.776,NA,NA,NA,0,0,NA,0,0,0,NA,0,0,0,NA,0,NA,0,0,NA,0,NA,NA,NA,NA,NA,NA,"Océanie"
"49","Costa Rica",1975,"CRI",2111855,13955001344,0.164,0.077,2.036,0.132,6.92,37.467,5.225,16.205,17.741,2.685,NA,0.964,0.146,NA,0,0,NA,NA,NA,1.101,22.173,743.102,0,0,0,1604.759,21.072,NA,NA,NA,0,0,0,0,NA,NA,35.431,16.777,NA,NA,NA,NA,1.872,0.887,NA,NA,NA,0.048,0.012,0.175,0,0.019,0.004,0.073,0,0,0,0.309,0.015,NA,0,0,0.811,0.023,NA,NA,NA,NA,NA,6607.93536677471,"Amérique"
"50","Cote d'Ivoire",1975,"CIV",6853986,19770904576,0,0,3.986,0.744,22.938,124.972,-1.674,-1.322,18.233,6.321,NA,0.582,0.202,NA,0,0,NA,NA,NA,0,28.803,9076.355,0,0,0,9047.552,28.803,NA,NA,NA,0,0,0,0,NA,NA,120.985,17.652,NA,NA,NA,NA,3.986,0.582,NA,NA,NA,0,0.023,0.583,0,0,0.006,0.888,0,0,0,1.744,0.021,NA,0,0,2.769,0.05,NA,NA,NA,NA,NA,2884.5849081104,"Afrique"
"51","Croatia",1975,"HRV",4579433,47030513664,1.01,0.221,14.561,0.6,4.301,15.953,0.674,4.409,3.484,0.339,NA,3.18,0.31,NA,1.138,0.249,NA,NA,NA,25.621,229.368,1072.968,59.211,0,11.21,1164.456,133.326,NA,NA,NA,0,0,1.148,0.251,NA,NA,1.392,0.304,NA,NA,NA,NA,11.264,2.46,NA,NA,NA,0.298,0.085,0.074,0.019,0.434,0.045,0.105,0.018,0,0.032,0.224,0.097,NA,0,0.051,0.032,0.14,NA,NA,NA,NA,NA,10269.9425155909,"Europe"
"52","Cuba",1975,"CUB",9514307,34668371968,1.032,0.109,27.039,4.151,18.138,118.127,11.333,10.612,12.416,3.407,NA,2.842,0.78,NA,0.15,0.016,NA,NA,NA,10.966,369.2,2731.051,4.451,0,0.117,3384.364,353.665,NA,NA,NA,0,0,0.033,0.003,NA,NA,91.087,9.574,NA,NA,NA,NA,25.824,2.714,NA,NA,NA,0.304,0.159,0.551,0.002,0.186,0.073,0.267,0.001,0,0,0.652,0.256,NA,0,0.001,2.084,0.321,NA,NA,NA,NA,NA,3643.81472744153,"Amérique"
"53","Curacao",1975,"CUW",155163,NA,0,0,8.517,-3.244,-27.582,8.553,-3.244,-27.496,55.125,NA,NA,54.889,NA,NA,0,0,NA,NA,NA,0,319.348,322.499,0,0,0,3.481,319.348,NA,NA,NA,0,0,0,0,NA,NA,0.037,0.236,NA,NA,NA,NA,8.517,54.889,NA,NA,NA,0,0.05,0.04,0,0,0.063,0.032,0,0,0,0.001,0.232,NA,0,0,0.001,0.106,NA,NA,NA,NA,NA,NA,"Amérique"
"54","Cyprus",1975,"CYP",644990,3374843904,0.316,0.491,1.991,0.062,3.218,-2.369,0.209,-8.092,-3.673,-0.702,-0.278,3.087,0.59,0.233,0,0,NA,NA,NA,1.985,29.315,65.222,0.081,0,0,150.847,27.249,NA,13225.367,2.528,0,0,0,0,NA,NA,-4.36,-6.76,NA,NA,NA,NA,1.674,2.596,NA,NA,8.53,0.093,0.012,-0.011,0,0.034,0.006,0.006,0,0,0,0.029,0.02,NA,0,0,-0.1,0.021,NA,NA,NA,NA,NA,5232.39725267058,"Asie"
"55","Czechia",1975,"CZE",10025718,110000275456,2.922,0.291,173.668,7.669,4.62,164.655,7.962,5.081,16.423,1.497,0.279,17.322,1.579,0.295,131.182,13.085,NA,NA,NA,50.456,5623.2,5658.081,5243.279,0,33.266,144.142,296.199,NA,58778.789,5.357,0,0,3.787,0.378,NA,NA,-9.013,-0.899,NA,NA,NA,NA,35.777,3.569,NA,NA,589.3,0.862,1.018,0.769,2.173,0.854,1.108,0.554,1.619,0,0.096,0.028,0.215,NA,0,0.168,-0.206,0.445,NA,NA,NA,NA,NA,10971.8102440144,"Europe"
"56","Democratic Republic of Congo",1975,"COD",23052716,30364745728,0.309,0.013,3.233,-0.132,-3.92,94.503,4.924,5.497,4.099,3.112,NA,0.14,0.106,NA,0.671,0.029,NA,NA,NA,4.942,74.852,10079.844,33.244,0,0,11279.514,36.665,NA,NA,NA,0,0,0,0,NA,NA,91.27,3.959,NA,NA,NA,NA,2.253,0.098,NA,NA,NA,0.091,0.019,0.441,0.011,0.084,0.015,0.987,0.01,0,0,2.174,0.027,NA,0,0,2.089,0.028,NA,NA,NA,NA,NA,1317.18734261074,"Afrique"
"57","Denmark",1975,"DNK",5058203,109859700736,1.126,0.223,55.745,0.703,1.277,56.771,0.483,0.859,11.224,0.517,0.27,11.021,0.507,0.265,10.831,2.141,NA,NA,NA,29.923,1707.075,2926.949,1012.043,0.308,0,1221.358,664.801,NA,41564.062,1.914,0.139,0.028,0,0,NA,NA,1.026,0.203,NA,NA,NA,NA,43.649,8.629,NA,NA,210.239,0.332,0.327,0.265,0.179,0.507,0.336,0.286,0.313,0.007,0,0.235,0.482,NA,0.041,0,0.023,0.543,NA,NA,NA,NA,NA,21719.1165985232,"Europe"
"58","Djibouti",1975,"DJI",208591,1064857024,0,0,0.198,0.004,1.887,0.271,0.004,1.37,1.3,0.255,NA,0.949,0.186,NA,0,0,NA,NA,NA,0,2.217,2.656,0,0,0,0.44,2.217,NA,NA,NA,0,0,0,0,NA,NA,0.073,0.351,NA,NA,NA,NA,0.198,0.949,NA,NA,NA,0,0.001,0.001,0,0,0,0,0,0,0,0,0.002,NA,0,0,0.002,0.002,NA,NA,NA,NA,NA,5104.99985138381,"Afrique"
"59","Dominica",1975,"DMA",71319,143560000,0,0,0.029,0,0,-0.007,0,0,-0.103,-0.051,NA,0.411,0.204,NA,0,0,NA,NA,NA,0,0.363,0.839,0,0,0,2.492,0.363,NA,NA,NA,0,0,0,0,NA,NA,-0.037,-0.514,NA,NA,NA,NA,0.029,0.411,NA,NA,NA,0,0,0,0,0,0,0,0,0,0,0,0,NA,0,0,-0.001,0,NA,NA,NA,NA,NA,2012.9278312932,"Amérique"
"60","Dominican Republic",1975,"DOM",5106460,16988198912,0.291,0.057,6.333,-0.077,-1.2,33.336,8.717,35.406,6.528,1.962,NA,1.24,0.373,NA,0.004,0.001,NA,NA,NA,4.04,53.787,673.773,0.077,0,0,1320.396,49.671,NA,NA,NA,0,0,0,0,NA,NA,27.004,5.288,NA,NA,NA,NA,6.038,1.183,NA,NA,NA,0.086,0.037,0.156,0,0.068,0.011,0.066,0,0,0,0.255,0.036,NA,0,0,0.618,0.075,NA,NA,NA,NA,NA,3326.80544095127,"Amérique"
"61","Ecuador",1975,"ECU",7105791,37890543616,0.294,0.041,7.355,1.271,20.898,43.922,-0.304,-0.688,6.181,1.159,2.047,1.035,0.194,0.343,0,0,NA,NA,NA,3.718,86.403,2217.386,0,3.54,2.375,2781.452,76.771,NA,3019.833,0.566,0.594,0.084,0.073,0.01,NA,NA,36.567,5.146,NA,NA,NA,NA,6.394,0.9,NA,NA,21.458,0.087,0.043,0.205,0,0.063,0.017,0.217,0,0.081,0.007,0.536,0.056,NA,0.176,0.003,0.837,0.08,NA,NA,NA,NA,NA,5332.34704144831,"Amérique"
"62","Egypt",1975,"EGY",38775584,83697410048,1.77,0.046,31.06,4.971,19.053,31.61,3.688,13.21,0.815,0.378,0.254,0.801,0.371,0.25,3.561,0.092,NA,NA,NA,34.278,543.545,762.909,22.101,12.538,1.447,262.159,473.181,NA,3205.322,1.485,2.521,0.065,0.088,0.002,NA,NA,0.55,0.014,NA,NA,NA,NA,23.12,0.596,NA,NA,124.288,0.522,0.182,0.148,0.059,0.58,0.107,0.075,0.007,0.288,0.004,0.051,0.343,NA,0.749,0.004,0.013,0.288,NA,NA,NA,NA,NA,2158.50804588785,"Afrique"
"63","El Salvador",1975,"SLV",4076754,16413573120,0.164,0.04,2.105,0.135,6.874,5.66,-0.744,-11.618,1.388,0.345,NA,0.516,0.128,NA,0,0,NA,NA,NA,1.461,25.464,122.596,0,0,0,566.088,24.003,NA,NA,NA,0,0,0,0,NA,NA,3.554,0.872,NA,NA,NA,NA,1.942,0.476,NA,NA,NA,0.048,0.012,0.026,0,0.025,0.005,0.012,0,0,0,0.109,0.017,NA,0,0,0.081,0.024,NA,NA,NA,NA,NA,4026.13773605177,"Amérique"
"64","Equatorial Guinea",1975,"GNQ",283272,656040000,0,0,0.062,0.011,21.429,0.832,-0.062,-6.967,2.936,1.268,NA,0.22,0.095,NA,0,0,NA,NA,NA,0,0.879,86.287,0,0,0,214.381,0.879,NA,NA,NA,0,0,0,0,NA,NA,0.769,2.716,NA,NA,NA,NA,0.062,0.22,NA,NA,NA,0,0,0.004,0,0,0,0.008,0,0,0,0.041,0.001,NA,0,0,0.018,0.001,NA,NA,NA,NA,NA,2315.93662628145,"Afrique"
"65","Eritrea",1975,"ERI",1450870,NA,NA,NA,NA,NA,0,NA,NA,0,NA,NA,NA,NA,NA,NA,NA,NA,NA,NA,NA,NA,NA,NA,NA,NA,NA,151.506,NA,NA,NA,NA,NA,NA,NA,NA,NA,NA,0.806,0.556,NA,NA,NA,NA,NA,NA,NA,NA,NA,NA,NA,NA,NA,NA,NA,NA,NA,NA,NA,0.029,NA,NA,NA,NA,0.018,NA,NA,NA,NA,NA,NA,NA,"Afrique"
"66","Estonia",1975,"EST",1424043,NA,0.397,0.279,30.241,1.479,5.143,25.258,1.809,7.715,17.737,NA,NA,21.236,NA,NA,20.323,14.271,NA,NA,NA,5.02,552.57,751.891,433.769,0.673,8.31,283.777,104.798,NA,NA,NA,0.166,0.117,0.854,0.6,NA,NA,-4.983,-3.499,NA,NA,NA,NA,8.501,5.97,NA,NA,NA,0.117,0.177,0.118,0.337,0.085,0.109,0.074,0.134,0.015,0.024,0.055,0.076,NA,0.049,0.038,-0.114,0.106,NA,NA,NA,NA,NA,NA,"Europe"
"67","Eswatini",1975,"SWZ",509545,1487587584,0,0,0.337,0.026,8.235,0.96,-0.414,-30.133,1.884,0.645,NA,0.662,0.227,NA,0.337,0.662,NA,NA,NA,0,3.342,77.904,3.342,0,0,194.815,0,NA,NA,NA,0,0,0,0,NA,NA,0.623,1.222,NA,NA,NA,NA,0,0,NA,NA,NA,0,0.002,0.004,0.006,0,0.001,0.008,0.001,0,0,0.038,0,NA,0,0,0.014,0,NA,NA,NA,NA,NA,2919.44300110883,"Afrique"
"68","Ethiopia",1975,"ETH",32252786,32856117248,0.073,0.002,1.209,-0.528,-30.395,60.455,-5.95,-8.961,1.874,1.84,NA,0.037,0.037,NA,0,0,NA,NA,NA,1.05,19.641,2805.857,0.388,0,0,6544.234,18.204,NA,NA,NA,0,0,0,0,NA,NA,59.247,1.837,NA,NA,NA,NA,1.136,0.035,NA,NA,NA,0.021,0.007,0.282,0,0.018,0.004,0.275,0,0,0,1.261,0.013,NA,0,0,1.356,0.014,NA,NA,NA,NA,NA,1018.70632967955,"Afrique"
"69","Faeroe Islands",1975,"FRO",40655,NA,0,0,0.348,0.048,15.854,0.385,0.048,14.13,9.463,NA,NA,8.562,NA,NA,0,0,NA,NA,NA,0,3.847,4.91,0.238,0,0,25.868,3.609,NA,NA,NA,0,0,0,0,NA,NA,0.037,0.901,NA,NA,NA,NA,0.348,8.562,NA,NA,NA,0,0.002,0.002,0,0,0.001,0,0,0,0,0.005,0.003,NA,0,0,0.001,0.004,NA,NA,NA,NA,NA,NA,"Europe"
"70","Falkland Islands",1975,"FLK",2300,NA,NA,NA,NA,NA,NA,NA,NA,NA,NA,NA,NA,NA,NA,NA,NA,NA,NA,NA,NA,NA,NA,NA,NA,NA,NA,15.096,NA,NA,NA,NA,NA,NA,NA,NA,NA,NA,0.147,NA,NA,NA,NA,NA,NA,NA,NA,NA,NA,NA,NA,NA,NA,NA,NA,NA,NA,NA,NA,0.003,NA,NA,NA,NA,0.003,NA,NA,NA,NA,NA,NA,NA,"Amérique"
"71","Fiji",1975,"FJI",575817,NA,0.037,0.063,0.623,-0.048,-7.103,1.172,-0.011,-0.927,2.036,NA,NA,1.081,NA,NA,0.044,0.077,NA,NA,NA,0.361,8.322,27.411,0.552,0,0,38.362,7.409,NA,NA,NA,0,0,0,0,NA,NA,0.55,0.954,NA,NA,NA,NA,0.542,0.941,NA,NA,NA,0.011,0.004,0.005,0.001,0.006,0.002,0.003,0,0,0,0.007,0.005,NA,0,0,0.013,0.007,NA,NA,NA,NA,NA,NA,"Océanie"
"72","Finland",1975,"FIN",4711384,85922512896,0.992,0.21,46.026,-0.583,-1.25,51.778,-1.975,-3.674,10.99,0.603,0.245,9.769,0.536,0.218,8.996,1.909,NA,NA,NA,21.413,726.961,3279.633,288.903,0,2.286,2716.196,414.358,NA,44838.48,2.459,0,0,1.418,0.301,NA,NA,5.752,1.221,NA,NA,NA,NA,34.62,7.348,NA,NA,211.251,0.292,0.27,0.242,0.149,0.363,0.143,0.321,0.089,0,0.007,0.524,0.3,NA,0,0.063,0.132,0.431,NA,NA,NA,NA,NA,18237.2128648397,"Europe"
"73","France",1975,"FRA",52450032,1114332594176,13.993,0.267,482.201,-38.485,-7.391,429.66,-44.31,-9.349,8.192,0.386,0.213,9.194,0.433,0.24,109.66,2.091,NA,NA,NA,280.853,20767.68,16957.611,15898.104,26.244,303.621,-3489.264,4258.859,NA,38383.664,1.807,4.711,0.09,38.917,0.742,NA,NA,-52.542,-1.002,NA,NA,NA,NA,314.921,6.004,NA,NA,2013.224,4.126,2.827,2.005,1.816,4.756,4.093,1.66,4.91,0.603,0.878,-0.673,3.088,NA,1.399,1.725,-1.202,3.917,NA,NA,NA,NA,NA,21245.6037047985,"Europe"
"74","French Guiana",1975,"GUF",54365,NA,0,0,0.117,0.015,14.286,0.703,0.125,21.519,12.94,NA,NA,2.157,NA,NA,0,0,NA,NA,NA,0,1.224,8.735,0,0,0,7.511,1.224,NA,NA,NA,0,0,0,0,NA,NA,0.586,10.783,NA,NA,NA,NA,0.117,2.157,NA,NA,NA,0,0.001,0.003,0,0,0,0.001,0,0,0,0.001,0.001,NA,0,0,0.013,0.001,NA,NA,NA,NA,NA,NA,"Amérique"
"75","French Polynesia",1975,"PYF",139848,NA,0,0,0.213,-0.004,-1.695,NA,NA,NA,NA,NA,NA,1.52,NA,NA,0,0,NA,NA,NA,0,2.429,NA,0,0,0,NA,2.429,NA,NA,NA,0,0,0,0,NA,NA,NA,NA,NA,NA,NA,NA,0.213,1.52,NA,NA,NA,0,0.001,NA,0,0,0,NA,0,0,0,NA,0.002,NA,0,0,NA,0.003,NA,NA,NA,NA,NA,NA,"Océanie"
"76","Gabon",1975,"GAB",663346,6464648704,0,0,5.364,-0.084,-1.547,18.078,-2.612,-12.626,27.253,2.796,NA,8.086,0.83,NA,0,0,NA,NA,NA,0,29.455,295.425,0,7.958,2.954,1761.065,18.542,NA,NA,NA,2.788,4.203,0.311,0.469,NA,NA,12.714,19.167,NA,NA,NA,NA,2.264,3.414,NA,NA,NA,0,0.031,0.084,0,0,0.006,0.029,0,0.183,0.009,0.339,0.013,NA,0.828,0.014,0.291,0.028,NA,NA,NA,NA,NA,9745.51546854884,"Afrique"
"77","Gambia",1975,"GMB",612922,847302016,0,0,0.099,0.037,58.824,0.649,-0.403,-38.328,1.058,0.765,NA,0.161,0.117,NA,0,0,NA,NA,NA,0,0.861,19.767,0,0,0,86.251,0.861,NA,NA,NA,0,0,0,0,NA,NA,0.55,0.897,NA,NA,NA,NA,0.099,0.161,NA,NA,NA,0,0.001,0.003,0,0,0,0.002,0,0,0,0.017,0.001,NA,0,0,0.013,0.001,NA,NA,NA,NA,NA,1382.39778634149,"Afrique"
"78","Georgia",1975,"GEO",4970321,NA,0.314,0.063,12.29,0.606,5.183,-1.963,1.229,-38.494,-0.395,NA,NA,2.473,NA,NA,1.233,0.248,NA,NA,NA,4.121,223.375,210.002,46.47,0.683,46.564,38.325,125.538,NA,NA,NA,0.16,0.032,3.806,0.766,NA,NA,-14.253,-2.868,NA,NA,NA,NA,6.777,1.364,NA,NA,NA,0.093,0.072,-0.009,0.02,0.07,0.044,0.021,0.014,0.016,0.135,0.007,0.091,NA,0.048,0.169,-0.326,0.084,NA,NA,NA,NA,NA,NA,"Asie"
"79","Germany",1975,"DEU",78513512,1510149849088,20.847,0.266,1002.447,-60.28,-5.672,955.768,-57.825,-5.705,12.173,0.633,0.254,12.768,0.664,0.266,515.979,6.572,NA,NA,NA,500.797,51028.105,50836.047,45262.02,0,437.826,47.449,4827.466,NA,47948.027,2.493,0,0,88.812,1.131,NA,NA,-46.679,-0.595,NA,NA,NA,NA,376.809,4.799,NA,NA,3764.568,6.147,5.878,4.461,8.547,8.481,10.057,4.976,13.979,0,1.266,0.009,3.5,NA,0,3.937,-1.068,4.687,NA,NA,NA,NA,NA,19234.2669512478,"Europe"
"80","Ghana",1975,"GHA",10209847,20114309120,0.331,0.032,2.742,-0.191,-6.517,13.99,-9.131,-39.493,1.37,0.696,NA,0.269,0.136,NA,0.015,0.001,NA,NA,NA,1.799,41.825,1480.238,4.017,0,0,2866.714,36.009,NA,NA,NA,0,0,0,0,NA,NA,11.248,1.102,NA,NA,NA,NA,2.396,0.235,NA,NA,NA,0.098,0.016,0.065,0,0.03,0.008,0.145,0.001,0,0,0.553,0.026,NA,0,0,0.257,0.03,NA,NA,NA,NA,NA,1970.08918155189,"Afrique"
"81","Greece",1975,"GRC",8805416,111353888768,3.784,0.43,38.67,2.608,7.232,44.422,2.132,5.041,5.045,0.399,0.224,4.392,0.347,0.195,11.354,1.289,NA,NA,NA,39.714,469.054,2097.702,162.914,0,0,2008.715,266.426,NA,22519.059,1.781,0,0,0,0,NA,NA,5.752,0.653,NA,NA,NA,NA,23.532,2.672,NA,NA,198.29,1.116,0.227,0.207,0.188,0.673,0.092,0.205,0.05,0,0,0.387,0.193,NA,0,0,0.132,0.293,NA,NA,NA,NA,NA,12646.0679163824,"Europe"
"82","Greenland",1975,"GRL",49172,NA,0,0,0.506,-0.051,-9.211,0.506,-0.051,-9.211,10.283,NA,NA,10.283,NA,NA,0,0,NA,NA,NA,0,8.05,8.05,2.131,0,0,0,5.919,NA,NA,NA,0,0,0,0,NA,NA,0,0,NA,NA,NA,NA,0.506,10.283,NA,NA,NA,0,0.003,0.002,0,0,0.002,0.001,0.001,0,0,0,0.004,NA,0,0,0,0.006,NA,NA,NA,NA,NA,NA,"Amérique"
"83","Grenada",1975,"GRD",97187,NA,0,0,0.048,0.011,30,0.011,0.011,NA,0.113,NA,NA,0.49,NA,NA,0,0,NA,NA,NA,0,0.671,2.393,0,0,0,3.92,0.671,NA,NA,NA,0,0,0,0,NA,NA,-0.037,-0.377,NA,NA,NA,NA,0.048,0.49,NA,NA,NA,0,0,0,0,0,0,0,0,0,0,0.001,0,NA,0,0,-0.001,0.001,NA,NA,NA,NA,NA,NA,"Amérique"
"84","Guadeloupe",1975,"GLP",324887,NA,0,0,0.403,0.018,4.762,0.586,0.018,3.226,1.804,NA,NA,1.241,NA,NA,0,0,NA,NA,NA,0,5.364,20.423,0,0,0,15.059,5.364,NA,NA,NA,0,0,0,0,NA,NA,0.183,0.564,NA,NA,NA,NA,0.403,1.241,NA,NA,NA,0,0.002,0.003,0,0,0.001,0.002,0,0,0,0.003,0.004,NA,0,0,0.004,0.005,NA,NA,NA,NA,NA,NA,"Amérique"
"85","Guatemala",1975,"GTM",6201738,32144490496,0.193,0.031,3.52,0.454,14.81,25.723,2.03,8.566,4.148,0.8,NA,0.568,0.109,NA,0,0,NA,NA,NA,2.213,43.184,1380.104,0,0,0,2062.795,40.971,NA,NA,NA,0,0,0,0,NA,NA,22.204,3.58,NA,NA,NA,NA,3.327,0.536,NA,NA,NA,0.057,0.021,0.12,0,0.037,0.009,0.135,0,0,0,0.398,0.03,NA,0,0,0.508,0.041,NA,NA,NA,NA,NA,5183.14228946789,"Amérique"
"86","Guernsey",1975,"GGY",53301,NA,NA,NA,NA,NA,NA,NA,NA,NA,NA,NA,NA,NA,NA,NA,NA,NA,NA,NA,NA,NA,NA,NA,NA,NA,NA,0,NA,NA,NA,NA,NA,NA,NA,NA,NA,NA,0,NA,NA,NA,NA,NA,NA,NA,NA,NA,NA,NA,NA,NA,NA,NA,NA,NA,NA,NA,NA,0,NA,NA,NA,NA,0,NA,NA,NA,NA,NA,NA,NA,"Europe"
"87","Guinea",1975,"GIN",4588011,3360288512,0,0,0.843,0.004,0.437,10.882,-1.096,-9.147,2.372,3.238,NA,0.184,0.251,NA,0,0,NA,NA,NA,0,11.959,4249.888,0,0,0,4237.929,11.959,NA,NA,NA,0,0,0,0,NA,NA,10.039,2.188,NA,NA,NA,NA,0.843,0.184,NA,NA,NA,0,0.005,0.051,0,0,0.002,0.416,0,0,0,0.817,0.009,NA,0,0,0.23,0.01,NA,NA,NA,NA,NA,732.406376532227,"Afrique"
"88","Guinea-Bissau",1975,"GNB",659640,1007079232,0,0,0.114,0.011,10.714,2.422,-0.136,-5.301,3.672,2.405,NA,0.172,0.113,NA,0,0,NA,NA,NA,0,1.125,86.679,0,0,0,228.121,1.125,NA,NA,NA,0,0,0,0,NA,NA,2.308,3.499,NA,NA,NA,NA,0.114,0.172,NA,NA,NA,0,0.001,0.011,0,0,0,0.008,0,0,0,0.044,0.001,NA,0,0,0.053,0.001,NA,NA,NA,NA,NA,1526.71037535625,"Afrique"
"89","Guyana",1975,"GUY",745593,NA,0,0,1.825,0.271,17.453,15.968,10.933,217.176,21.416,NA,NA,2.447,NA,NA,0,0,NA,NA,NA,0,23.853,273.664,0.033,0,0,612.951,23.82,NA,NA,NA,0,0,0,0,NA,NA,14.143,18.969,NA,NA,NA,NA,1.825,2.447,NA,NA,NA,0,0.011,0.075,0,0,0.005,0.027,0,0,0,0.118,0.017,NA,0,0,0.324,0.023,NA,NA,NA,NA,NA,NA,"Amérique"
"90","Haiti",1975,"HTI",5124563,8566137856,0.076,0.015,0.483,0.011,2.316,2.498,0.89,55.369,0.487,0.292,NA,0.094,0.056,NA,0,0,NA,NA,NA,0.629,7.513,194.634,0,0,0,724.886,6.885,NA,NA,NA,0,0,0,0,NA,NA,2.015,0.393,NA,NA,NA,NA,0.407,0.079,NA,NA,NA,0.023,0.003,0.012,0,0.011,0.001,0.019,0,0,0,0.14,0.005,NA,0,0,0.046,0.005,NA,NA,NA,NA,NA,1671.58406599743,"Amérique"
"91","Honduras",1975,"HND",3231637,7899072512,0.14,0.043,1.661,0.107,6.916,31.742,6.41,25.301,9.822,4.018,NA,0.514,0.21,NA,0,0,NA,NA,NA,1.027,21.641,1042.504,0,0,0,2416.628,20.614,NA,NA,NA,0,0,0,0,NA,NA,30.081,9.308,NA,NA,NA,NA,1.521,0.471,NA,NA,NA,0.041,0.01,0.148,0,0.017,0.004,0.102,0,0,0,0.466,0.015,NA,0,0,0.688,0.019,NA,NA,NA,NA,NA,2444.2944897586,"Amérique"
"92","Hong Kong",1975,"HKG",4451227,47881244672,0.284,0.064,11.008,0.341,3.194,11.191,0.341,3.14,2.514,0.234,0.203,2.473,0.23,0.2,0.026,0.006,NA,NA,NA,3.391,125.831,130.447,7.606,0,0,5.972,114.833,NA,12384.696,1.151,0,0,0,0,NA,NA,0.183,0.041,NA,NA,NA,NA,10.699,2.404,NA,NA,55.127,0.084,0.065,0.052,0,0.057,0.025,0.013,0.002,0,0,0.001,0.083,NA,0,0,0.004,0.133,NA,NA,NA,NA,NA,10756.8642695598,"Asie"
"93","Hungary",1975,"HUN",10520241,97450934272,1.792,0.17,75.248,1.267,1.713,71.474,0.571,0.805,6.794,0.733,0.265,7.153,0.772,0.279,37.127,3.529,NA,NA,NA,28.783,2076.219,3012.401,1646.104,4.36,88.855,954.106,308.117,NA,25638.094,2.768,0.231,0.022,11.032,1.049,NA,NA,-3.774,-0.359,NA,NA,NA,NA,25.065,2.383,NA,NA,269.719,0.528,0.441,0.334,0.615,0.487,0.409,0.295,0.508,0.1,0.257,0.184,0.223,NA,0.069,0.489,-0.086,0.312,NA,NA,NA,NA,NA,9263.18458598049,"Europe"
"94","Iceland",1975,"ISL",218080,4128417024,0.078,0.359,1.613,-0.125,-7.191,1.907,-0.162,-7.816,8.743,0.462,0.141,7.399,0.391,0.119,0,0,NA,NA,NA,0.929,31.934,196.118,1.718,0,0,164.184,29.287,NA,62074.066,3.279,0,0,0,0,NA,NA,0.293,1.344,NA,NA,NA,NA,1.535,7.04,NA,NA,13.537,0.023,0.009,0.009,0,0.016,0.006,0.019,0.001,0,0,0.032,0.021,NA,0,0,0.007,0.019,NA,NA,NA,NA,NA,18930.7457079971,"Europe"
"95","India",1975,"IND",623524224,868009967616,7.288,0.012,234.209,18.356,8.504,492.265,-45.068,-8.387,0.789,0.567,0.506,0.376,0.27,0.241,161.338,0.259,NA,NA,NA,129.432,5426.886,39574.562,4384.542,15.561,10.351,36936.344,887,NA,1558.899,1.12,2.012,0.003,1.733,0.003,NA,NA,258.056,0.414,NA,NA,NA,NA,61.838,0.099,NA,NA,972.011,2.149,1.373,2.298,2.672,2.192,1.07,3.874,1.354,0.358,0.03,7.12,0.643,NA,0.597,0.077,5.905,0.769,NA,NA,NA,NA,NA,1392.10303979465,"Asie"
"96","Indonesia",1975,"IDN",131213216,313087918080,0.548,0.004,53.933,2.706,5.282,314.333,-13.342,-4.072,2.396,1.004,1.966,0.411,0.172,0.337,0.546,0.004,NA,NA,NA,5.703,1265.214,35426.738,151.405,34.599,127.123,42405.707,946.385,NA,1218.813,0.511,6.976,0.053,5.108,0.039,NA,NA,260.4,1.985,NA,NA,NA,NA,40.755,0.311,NA,NA,159.924,0.162,0.316,1.467,0.009,0.097,0.249,3.468,0.047,0.795,0.367,8.174,0.686,NA,2.072,0.226,5.959,0.507,NA,NA,NA,NA,NA,2386.1004830489,"Asie"
"97","Iran",1975,"IRN",32856976,311929470976,2.653,0.081,139.214,-4.561,-3.173,137.419,-17.898,-11.524,4.182,0.441,0.422,4.237,0.446,0.427,2.616,0.08,NA,NA,NA,17.928,2351.061,3767.783,29.519,592.966,158.588,2207.89,1552.059,NA,9911.101,1.044,45.727,1.392,22.889,0.697,NA,NA,-1.795,-0.055,NA,NA,NA,NA,65.329,1.988,NA,NA,325.649,0.782,0.816,0.641,0.043,0.304,0.463,0.369,0.009,13.63,0.458,0.426,1.125,NA,13.581,1.015,-0.041,0.813,NA,NA,NA,NA,NA,9493.55384914303,"Asie"
"98","Iraq",1975,"IRQ",11617631,76468256768,1.178,0.101,33.12,2.211,7.152,36.674,0.122,0.335,3.157,0.48,0.694,2.851,0.433,0.627,0.004,0,NA,NA,NA,12.745,500.2,922.366,0.132,132.965,26.095,584.628,328.263,NA,4548.189,0.691,16.913,1.456,2.495,0.215,NA,NA,3.554,0.306,NA,NA,NA,NA,12.531,1.079,NA,NA,52.839,0.347,0.194,0.171,0,0.216,0.099,0.09,0,3.056,0.075,0.113,0.238,NA,5.023,0.111,0.081,0.156,NA,NA,NA,NA,NA,6582.08689602898,"Asie"
"99","Ireland",1975,"IRL",3157921,37053673472,0.789,0.25,22.048,-1.246,-5.347,23.66,-2.345,-9.017,7.492,0.639,0.285,6.982,0.595,0.265,6.782,2.148,NA,NA,NA,13.459,604.744,653.402,425.544,0,0,-101.383,165.741,NA,26329.131,2.244,0,0,0,0,NA,NA,1.612,0.511,NA,NA,NA,NA,14.476,4.584,NA,NA,83.145,0.233,0.129,0.11,0.112,0.228,0.119,0.064,0.131,0,0,-0.02,0.12,NA,0,0,0.037,0.18,NA,NA,NA,NA,NA,11733.5656819787,"Europe"
"100","Isle of Man",1975,"IMN",59972,NA,NA,NA,NA,NA,NA,NA,NA,NA,NA,NA,NA,NA,NA,NA,NA,NA,NA,NA,NA,NA,NA,NA,NA,NA,NA,6.632,NA,NA,NA,NA,NA,NA,NA,NA,NA,NA,0,NA,NA,NA,NA,NA,NA,NA,NA,NA,NA,NA,NA,NA,NA,NA,NA,NA,NA,NA,NA,0.001,NA,NA,NA,NA,0,NA,NA,NA,NA,NA,NA,NA,"Europe"
"101","Israel",1975,"ISR",3388093,54258216960,1,0.295,19.54,0.172,0.886,19.54,0.098,0.505,5.767,0.36,0.26,5.767,0.36,0.26,0.015,0.004,NA,NA,NA,14.109,259.385,297.088,1.341,0,2.151,40.817,241.784,NA,22179.557,1.385,0,0,0.106,0.031,NA,NA,0,0,NA,NA,NA,NA,18.419,5.436,NA,NA,75.146,0.295,0.115,0.091,0,0.239,0.051,0.029,0,0,0.006,0.008,0.175,NA,0,0.005,0,0.229,NA,NA,NA,NA,NA,16014.3824151226,"Asie"
"102","Italy",1975,"ITA",55093992,951557554176,16.081,0.292,341.052,-17.2,-4.801,272.059,-14.196,-4.959,4.938,0.286,0.172,6.19,0.358,0.216,30.605,0.556,NA,NA,NA,294.741,6202.26,7847.213,2296.281,0,407.304,1913.121,3203.935,NA,28702.824,1.662,0,0,42.173,0.765,NA,NA,-68.993,-1.252,NA,NA,NA,NA,252.193,4.578,NA,NA,1581.353,4.742,2,1.27,0.507,4.991,1.222,0.768,0.709,0,1.177,0.369,2.323,NA,0,1.87,-1.579,3.137,NA,NA,NA,NA,NA,17271.5303363024,"Europe"
"103","Jamaica",1975,"JAM",2003102,12900803584,0.2,0.1,8.181,0.586,7.721,8.474,0.623,7.935,4.23,0.657,NA,4.084,0.634,NA,0.004,0.002,NA,NA,NA,3.195,81.573,123.819,0.34,0,0,223.064,78.037,NA,NA,NA,0,0,0,0,NA,NA,0.293,0.146,NA,NA,NA,NA,7.977,3.982,NA,NA,NA,0.059,0.048,0.04,0,0.054,0.016,0.012,0,0,0,0.043,0.057,NA,0,0,0.007,0.099,NA,NA,NA,NA,NA,6440.41271188387,"Amérique"
"104","Japan",1975,"JPN",112411640,2017465073664,31.796,0.283,868.511,-45.796,-5.009,886.428,-49.789,-5.318,7.886,0.439,0.228,7.726,0.43,0.223,213.422,1.899,NA,NA,NA,466.272,14639.303,19667.85,8087.535,0.41,106.765,5296.935,5978.32,NA,34575.215,1.927,0.11,0.001,17.155,0.153,NA,NA,17.917,0.159,NA,NA,NA,NA,606.028,5.391,NA,NA,3886.657,9.376,5.093,4.137,3.535,7.896,2.885,1.925,2.498,0.009,0.309,1.021,4.335,NA,0.033,0.761,0.41,7.539,NA,NA,NA,NA,NA,17947.1189430561,"Asie"
"105","Jersey",1975,"JEY",73128,NA,NA,NA,NA,NA,NA,NA,NA,NA,NA,NA,NA,NA,NA,NA,NA,NA,NA,NA,NA,NA,NA,NA,NA,NA,NA,0,NA,NA,NA,NA,NA,NA,NA,NA,NA,NA,0,NA,NA,NA,NA,NA,NA,NA,NA,NA,NA,NA,NA,NA,NA,NA,NA,NA,NA,NA,NA,0,NA,NA,NA,NA,0,NA,NA,NA,NA,NA,NA,NA,"Europe"
"106","Jordan",1975,"JOR",1886638,7422786560,0.283,0.15,2.489,0.264,11.859,2.929,0.374,14.63,1.552,0.395,NA,1.319,0.335,NA,0,0,NA,NA,NA,3.449,28.437,49.286,0,0,0,37.373,24.988,NA,NA,NA,0,0,0,0,NA,NA,0.44,0.233,NA,NA,NA,NA,2.206,1.169,NA,NA,NA,0.084,0.015,0.014,0,0.058,0.006,0.005,0,0,0,0.007,0.018,NA,0,0,0.01,0.027,NA,NA,NA,NA,NA,3934.39894669778,"Asie"
"107","Kazakhstan",1975,"KAZ",13158945,NA,3.248,0.247,198.534,9.532,5.043,222.827,7.15,3.315,16.933,NA,NA,15.087,NA,NA,134.076,10.189,NA,NA,NA,50.577,3640.559,8649.022,2867.633,6.913,71.861,5142.167,643.575,NA,NA,NA,1.71,0.13,7.382,0.561,NA,NA,24.292,1.846,NA,NA,NA,NA,52.119,3.961,NA,NA,NA,0.958,1.164,1.04,2.221,0.857,0.718,0.847,0.886,0.159,0.208,0.991,0.467,NA,0.508,0.327,0.556,0.648,NA,NA,NA,NA,NA,NA,"Asie"
"108","Kenya",1975,"KEN",13651905,20176988160,0.443,0.032,4.968,0.025,0.515,24.607,-10.124,-29.149,1.802,1.22,NA,0.364,0.246,NA,0.121,0.009,NA,NA,NA,5.23,69.24,1004.696,3.005,0,0,1804.63,61.005,NA,NA,NA,0,0,0,0,NA,NA,19.639,1.439,NA,NA,NA,NA,4.404,0.323,NA,NA,NA,0.131,0.029,0.115,0.002,0.089,0.014,0.098,0.001,0,0,0.348,0.044,NA,0,0,0.449,0.055,NA,NA,NA,NA,NA,1477.96136583136,"Afrique"
"109","Kiribati",1975,"KIR",60692,NA,0,0,0.033,0,0,NA,NA,NA,NA,NA,NA,0.543,NA,NA,0,0,NA,NA,NA,0,0.322,NA,0,0,0,NA,0.322,NA,NA,NA,0,0,0,0,NA,NA,NA,NA,NA,NA,NA,NA,0.033,0.543,NA,NA,NA,0,0,NA,0,0,0,NA,0,0,0,NA,0,NA,0,0,NA,0,NA,NA,NA,NA,NA,NA,"Océanie"
"110","Kuwait",1975,"KWT",1096004,29149523968,0.142,0.129,16.813,-2.499,-12.941,16.813,-2.499,-12.941,15.34,0.577,0.244,15.34,0.577,0.244,0,0,NA,NA,NA,0.254,385.451,385.121,0,211.454,69.237,-0.33,104.506,NA,62962.211,2.367,8.541,7.793,6.082,5.549,NA,NA,0,0,NA,NA,NA,NA,2.048,1.869,NA,NA,69.007,0.042,0.099,0.078,0,0.004,0.076,0.038,0,4.86,0.2,0,0.076,NA,2.537,0.27,0,0.025,NA,NA,NA,NA,NA,26596.183926336,"Asie"
"111","Kyrgyzstan",1975,"KGZ",3353854,NA,0.692,0.206,17.141,0.839,5.147,19.046,0.729,3.981,5.679,NA,NA,5.111,NA,NA,7.738,2.307,NA,NA,NA,9.087,312.695,634.614,190.91,1.238,12.549,331.519,98.911,NA,NA,NA,0.301,0.09,1.2,0.358,NA,NA,1.905,0.568,NA,NA,NA,NA,7.21,2.15,NA,NA,NA,0.204,0.101,0.089,0.128,0.154,0.062,0.062,0.059,0.028,0.036,0.064,0.072,NA,0.089,0.053,0.044,0.09,NA,NA,NA,NA,NA,NA,"Asie"
"112","Laos",1975,"LAO",3012727,3157839104,0,0,0.253,-0.04,-13.75,26.34,-0.736,-2.72,8.743,8.341,NA,0.084,0.08,NA,0,0,NA,NA,NA,0,4.701,569.03,0,0,0,1443.579,4.701,NA,NA,NA,0,0,0,0,NA,NA,26.088,8.659,NA,NA,NA,NA,0.253,0.084,NA,NA,NA,0,0.001,0.123,0,0,0.001,0.056,0,0,0,0.278,0.003,NA,0,0,0.597,0.003,NA,NA,NA,NA,NA,1048.16636356364,"Asie"
"113","Latvia",1975,"LVA",2492531,NA,0.268,0.107,20.073,0.987,5.169,21.686,1.096,5.325,8.7,NA,NA,8.053,NA,NA,2.702,1.084,NA,NA,NA,3.324,365.573,1183.854,87.607,0.401,21.598,879.14,252.644,NA,NA,NA,0.095,0.038,1.828,0.733,NA,NA,1.612,0.647,NA,NA,NA,NA,15.181,6.091,NA,NA,NA,0.079,0.118,0.101,0.045,0.056,0.072,0.116,0.027,0.009,0.062,0.169,0.183,NA,0.028,0.081,0.037,0.189,NA,NA,NA,NA,NA,NA,"Europe"
"114","Lebanon",1975,"LBN",2691590,17794435072,0.663,0.246,6.265,-0.823,-11.608,6.375,-0.823,-11.431,2.368,0.358,NA,2.328,0.352,NA,0.026,0.01,NA,NA,NA,12.369,86.2,118.626,0.348,0,0,42.173,73.482,NA,NA,NA,0,0,0,0,NA,NA,0.11,0.041,NA,NA,NA,NA,5.577,2.072,NA,NA,NA,0.195,0.037,0.03,0,0.209,0.017,0.012,0,0,0,0.008,0.053,NA,0,0,0.003,0.069,NA,NA,NA,NA,NA,6611.12393492322,"Asie"
"115","Lesotho",1975,"LSO",1216193,1517650048,NA,NA,NA,NA,NA,NA,NA,NA,NA,NA,NA,NA,NA,NA,NA,NA,NA,NA,NA,NA,NA,NA,NA,NA,NA,94.495,NA,NA,NA,NA,NA,NA,NA,NA,NA,NA,0.953,0.783,NA,NA,NA,NA,NA,NA,NA,NA,NA,NA,NA,NA,NA,NA,NA,NA,NA,NA,NA,0.018,NA,NA,NA,NA,0.022,NA,NA,NA,NA,NA,NA,1247.86941546284,"Afrique"
"116","Liberia",1975,"LBR",1671636,6999468032,0.044,0.026,1.484,-0.238,-13.833,7.456,-0.128,-1.691,4.46,1.065,NA,0.887,0.212,NA,0,0,NA,NA,NA,0.323,15.32,418.214,0,0,0,1413.645,14.997,NA,NA,NA,0,0,0,0,NA,NA,5.972,3.573,NA,NA,NA,NA,1.44,0.861,NA,NA,NA,0.013,0.009,0.035,0,0.005,0.003,0.041,0,0,0,0.272,0.011,NA,0,0,0.137,0.018,NA,NA,NA,NA,NA,4187.19627478709,"Afrique"
"117","Libya",1975,"LBY",2291850,17658333184,0.305,0.133,11.568,2.231,23.891,12.228,2.121,20.985,5.335,0.692,NA,5.048,0.655,NA,0,0,NA,NA,NA,0.731,200.345,252.814,0.965,153.088,0,108.161,45.561,NA,NA,NA,5.796,2.529,0,0,NA,NA,0.66,0.288,NA,NA,NA,NA,5.467,2.385,NA,NA,NA,0.09,0.068,0.057,0,0.012,0.039,0.025,0,3.519,0,0.021,0.033,NA,1.722,0,0.015,0.068,NA,NA,NA,NA,NA,7704.83809324345,"Afrique"
"118","Lithuania",1975,"LTU",3368288,NA,1.097,0.326,31.328,1.572,5.283,35.835,1.792,5.263,10.639,NA,NA,9.301,NA,NA,3.059,0.908,NA,NA,NA,12.791,566.996,1961.111,105.856,2.022,43.221,1472.012,403.107,NA,NA,NA,0.475,0.141,3.571,1.06,NA,NA,4.507,1.338,NA,NA,NA,NA,23.126,6.866,NA,NA,NA,0.323,0.184,0.167,0.051,0.217,0.112,0.192,0.033,0.046,0.125,0.284,0.292,NA,0.141,0.158,0.103,0.288,NA,NA,NA,NA,NA,NA,"Europe"
"119","Luxembourg",1975,"LUX",353675,8127705088,0.201,0.569,11.864,-2.56,-17.749,11.607,-2.56,-18.071,32.819,1.428,0.275,33.545,1.46,0.281,7.009,19.818,NA,NA,NA,3.053,294.92,285.211,238.109,0,2.381,0.586,51.377,NA,119533.82,5.201,0,0,0.784,2.217,NA,NA,-0.256,-0.725,NA,NA,NA,NA,3.869,10.94,NA,NA,42.276,0.059,0.07,0.054,0.116,0.052,0.058,0.028,0.074,0,0.007,0,0.037,NA,0,0.035,-0.006,0.048,NA,NA,NA,NA,NA,22980.717008553,"Europe"
"120","Macao",1975,"MAC",246932,NA,0,0,0.297,0.029,10.959,NA,NA,NA,NA,NA,NA,1.202,NA,NA,0.007,0.03,NA,NA,NA,0,2.851,NA,0.231,0,0,NA,2.619,NA,NA,NA,0,0,0,0,NA,NA,NA,NA,NA,NA,NA,NA,0.289,1.172,NA,NA,NA,0,0.002,NA,0,0,0.001,NA,0,0,0,NA,0.002,NA,0,0,NA,0.004,NA,NA,NA,NA,NA,NA,"Asie"
"121","Madagascar",1975,"MDG",7720864,13648802816,0.029,0.004,1.693,0.506,42.601,100.657,15.968,18.854,13.037,7.375,NA,0.219,0.124,NA,0.051,0.007,NA,NA,NA,0.425,16.188,3181.297,1.202,0,0,6230.778,14.561,NA,NA,NA,0,0,0,0,NA,NA,98.965,12.818,NA,NA,NA,NA,1.612,0.209,NA,NA,NA,0.009,0.01,0.47,0.001,0.007,0.003,0.311,0,0,0,1.201,0.011,NA,0,0,2.265,0.02,NA,NA,NA,NA,NA,1767.78179436913,"Afrique"
"122","Malawi",1975,"MWI",5280971,4966366720,0.051,0.01,0.578,0.029,5.326,11.827,-1.217,-9.327,2.24,2.381,NA,0.11,0.116,NA,0.187,0.035,NA,NA,NA,0.618,10.603,593.106,5.106,0,0,1124.225,4.879,NA,NA,NA,0,0,0,0,NA,NA,11.248,2.13,NA,NA,NA,NA,0.341,0.065,NA,NA,NA,0.015,0.003,0.055,0.003,0.01,0.002,0.058,0.002,0,0,0.217,0.004,NA,0,0,0.257,0.004,NA,NA,NA,NA,NA,940.426811660204,"Afrique"
"123","Malaysia",1975,"MYS",11617957,51780284416,0.737,0.063,19.445,0.4,2.103,149.077,1.646,1.117,12.832,2.879,2.457,1.674,0.376,0.32,0.07,0.006,NA,NA,NA,7.089,299.739,5006.074,39.824,8.578,4.279,5596.064,239.969,NA,5222.444,1.172,2.876,0.248,0.575,0.05,NA,NA,129.632,11.158,NA,NA,NA,NA,15.187,1.307,NA,NA,60.674,0.217,0.114,0.696,0.001,0.12,0.059,0.49,0.012,0.197,0.012,1.079,0.174,NA,0.854,0.026,2.966,0.189,NA,NA,NA,NA,NA,4456.91823579653,"Asie"
"124","Maldives",1975,"MDV",143144,NA,0,0,0.007,0.004,100,NA,NA,NA,NA,NA,NA,0.051,NA,NA,0,0,NA,NA,NA,0,0.022,NA,0,0,0,NA,0.022,NA,NA,NA,0,0,0,0,NA,NA,NA,NA,NA,NA,NA,NA,0.007,0.051,NA,NA,NA,0,0,NA,0,0,0,NA,0,0,0,NA,0,NA,0,0,NA,0,NA,NA,NA,NA,NA,NA,"Asie"
"125","Mali",1975,"MLI",6687296,6105587712,0.025,0.004,0.341,0.037,12.045,19.54,11.102,131.57,2.922,3.2,NA,0.051,0.056,NA,0,0,NA,NA,NA,0.069,3.334,118.127,0,0,0,514.499,3.265,NA,NA,NA,0,0,0,0,NA,NA,19.199,2.871,NA,NA,NA,NA,0.315,0.047,NA,NA,NA,0.008,0.002,0.091,0,0.001,0.001,0.012,0,0,0,0.099,0.002,NA,0,0,0.439,0.004,NA,NA,NA,NA,NA,913.012929590675,"Afrique"
"126","Malta",1975,"MLT",319626,1881157376,0,0,0.667,-0.077,-10.345,0.557,-0.077,-12.139,1.742,0.296,NA,2.086,0.354,NA,0,0,NA,NA,NA,0,11.897,9.369,0.392,0,0,-2.748,11.505,NA,NA,NA,0,0,0,0,NA,NA,-0.11,-0.344,NA,NA,NA,NA,0.667,2.086,NA,NA,NA,0,0.004,0.003,0,0,0.002,0.001,0,0,0,-0.001,0.008,NA,0,0,-0.003,0.008,NA,NA,NA,NA,NA,5885.49547283387,"Europe"
"127","Martinique",1975,"MTQ",328803,NA,0,0,0.901,-0.139,-13.38,0.938,-0.176,-15.789,2.853,NA,NA,2.741,NA,NA,0,0,NA,NA,NA,0,8.09,19.778,0,0,0,11.688,8.09,NA,NA,NA,0,0,0,0,NA,NA,0.037,0.111,NA,NA,NA,NA,0.901,2.741,NA,NA,NA,0,0.005,0.004,0,0,0.002,0.002,0,0,0,0.002,0.006,NA,0,0,0.001,0.011,NA,NA,NA,NA,NA,NA,"Amérique"
"128","Mauritania",1975,"MRT",1302440,2385395968,0,0,0.509,0.026,5.303,-0.04,0.355,-89.815,-0.031,-0.017,NA,0.391,0.214,NA,0.015,0.011,NA,NA,NA,0,4.17,23.625,0.114,0,0,19.456,4.056,NA,NA,NA,0,0,0,0,NA,NA,-0.55,-0.422,NA,NA,NA,NA,0.495,0.38,NA,NA,NA,0,0.003,0,0,0,0.001,0.002,0,0,0,0.004,0.003,NA,0,0,-0.013,0.006,NA,NA,NA,NA,NA,1831.48242375848,"Afrique"
"129","Mauritius",1975,"MUS",888293,5339330048,0,0,0.59,-0.103,-14.815,0.553,-0.103,-15.642,0.623,0.104,NA,0.664,0.11,NA,0,0,NA,NA,NA,0,8.856,7.464,0.699,0,0,-4.14,8.157,NA,NA,NA,0,0,0,0,NA,NA,-0.037,-0.041,NA,NA,NA,NA,0.59,0.664,NA,NA,NA,0,0.003,0.003,0,0,0.002,0.001,0,0,0,-0.001,0.006,NA,0,0,-0.001,0.007,NA,NA,NA,NA,NA,6010.77577781205,"Afrique"
"130","Mayotte",1975,"MYT",42111,NA,0,0,0,0,NA,0,0,NA,0,NA,NA,0,NA,NA,NA,NA,NA,NA,NA,0,0,0,NA,NA,NA,0,NA,NA,NA,NA,NA,NA,NA,NA,NA,NA,0,0,NA,NA,NA,NA,NA,NA,NA,NA,NA,0,0,0,NA,0,0,0,NA,NA,NA,0,NA,NA,NA,NA,0,NA,NA,NA,NA,NA,NA,NA,"Afrique"
"131","Mexico",1975,"MEX",58691880,486091816960,5.587,0.095,164.139,9.412,6.083,198.947,11.207,5.969,3.39,0.409,0.334,2.797,0.338,0.276,11.205,0.191,NA,NA,NA,64.126,3244.054,12286.952,219.127,169.294,336.89,10598.084,2454.616,NA,10147.614,1.225,10.457,0.178,25.718,0.438,NA,NA,34.808,0.593,NA,NA,NA,NA,111.172,1.894,NA,NA,595.583,1.647,0.962,0.929,0.186,1.086,0.639,1.203,0.068,3.891,0.974,2.043,1.78,NA,3.106,1.14,0.797,1.383,NA,NA,NA,NA,NA,8282.09655168654,"Amérique"
"132","Moldova",1975,"MDA",3913593,NA,0.807,0.206,31.229,1.534,5.165,33.464,1.424,4.444,8.551,NA,NA,7.98,NA,NA,8.347,2.133,NA,NA,NA,9.748,567.169,1174.843,236.55,0.827,31.241,630.611,288.802,NA,NA,NA,0.198,0.05,2.804,0.716,NA,NA,2.235,0.571,NA,NA,NA,NA,19.074,4.874,NA,NA,NA,0.238,0.183,0.156,0.138,0.165,0.112,0.115,0.073,0.019,0.09,0.122,0.209,NA,0.059,0.124,0.051,0.237,NA,NA,NA,NA,NA,NA,"Europe"
"133","Mongolia",1975,"MNG",1485696,2005602048,0.072,0.048,4.055,0.314,8.389,15.963,-0.016,-0.1,10.744,7.959,NA,2.729,2.022,NA,2.788,1.877,NA,NA,NA,0.475,46.139,440.605,31.371,0,0,919.151,14.293,NA,NA,NA,0,0,0,0,NA,NA,11.908,8.015,NA,NA,NA,NA,1.194,0.804,NA,NA,NA,0.021,0.024,0.075,0.046,0.008,0.009,0.043,0.01,0,0,0.177,0.01,NA,0,0,0.272,0.015,NA,NA,NA,NA,NA,1349.94107004394,"Asie"
"134","Montenegro",1975,"MNE",559283,3026087936,0,0,1.329,0.055,4.344,1.512,-0.018,-1.175,2.703,0.5,NA,2.375,0.439,NA,0.91,1.626,NA,NA,NA,0,20.948,204.295,17.545,0,0,273.701,3.403,NA,NA,NA,0,0,0,0,NA,NA,0.183,0.328,NA,NA,NA,NA,0.419,0.749,NA,NA,NA,0,0.008,0.007,0.015,0,0.004,0.02,0.005,0,0,0.053,0.002,NA,0,0,0.004,0.005,NA,NA,NA,NA,NA,5410.65602923743,"Europe"
"135","Montserrat",1975,"MSR",11553,NA,0,0,0.011,-0.004,-25,-0.062,-0.004,6.25,-5.391,NA,NA,0.951,NA,NA,0,0,NA,NA,NA,0,0.132,-0.674,0,0,0,-0.513,0.132,NA,NA,NA,0,0,0,0,NA,NA,-0.073,-6.343,NA,NA,NA,NA,0.011,0.951,NA,NA,NA,0,0,0,0,0,0,0,0,0,0,0,0,NA,0,0,-0.002,0,NA,NA,NA,NA,NA,NA,"Amérique"
"136","Morocco",1975,"MAR",17325328,51629449216,0.974,0.056,11.065,-0.033,-0.298,23.267,-2.451,-9.532,1.343,0.451,0.553,0.639,0.214,0.263,1.765,0.102,NA,NA,NA,12.918,142.512,1006.777,34.609,0,1.041,1316.842,93.945,NA,2430.553,0.816,0,0,0.147,0.008,NA,NA,12.201,0.704,NA,NA,NA,NA,8.179,0.472,NA,NA,42.11,0.287,0.065,0.109,0.029,0.219,0.028,0.099,0.011,0,0.003,0.254,0.068,NA,0,0.006,0.279,0.102,NA,NA,NA,NA,NA,2979.99837093993,"Afrique"
"137","Mozambique",1975,"MOZ",9703732,23348168704,0.138,0.014,2.882,-0.263,-8.363,25.709,-3.671,-12.494,2.649,1.101,NA,0.297,0.123,NA,1.37,0.141,NA,NA,NA,3.313,56.281,2998.473,33.749,0,0,4649.213,19.218,NA,NA,NA,0,0,0,0,NA,NA,22.827,2.352,NA,NA,NA,NA,1.374,0.142,NA,NA,NA,0.041,0.017,0.12,0.023,0.056,0.011,0.294,0.01,0,0,0.896,0.014,NA,0,0,0.522,0.017,NA,NA,NA,NA,NA,2406.10197231333,"Afrique"
"138","Myanmar",1975,"MMR",30344282,32064124928,0.091,0.003,4.583,-0.088,-1.884,40.893,0.278,0.685,1.348,1.275,NA,0.151,0.143,NA,0.67,0.022,NA,NA,NA,1.301,118.538,2475.516,15.218,2.227,1.531,11012.812,98.261,NA,NA,NA,0.3,0.01,0.351,0.012,NA,NA,36.31,1.197,NA,NA,NA,NA,3.17,0.104,NA,NA,NA,0.027,0.027,0.191,0.011,0.022,0.023,0.242,0.005,0.051,0.004,2.123,0.071,NA,0.089,0.016,0.831,0.039,NA,NA,NA,NA,NA,1056.67766098404,"Asie"
"139","Namibia",1975,"NAM",876579,5760140288,NA,NA,NA,NA,NA,NA,NA,NA,NA,NA,NA,NA,NA,NA,NA,NA,NA,NA,NA,NA,NA,NA,NA,NA,NA,152.386,NA,NA,NA,NA,NA,NA,NA,NA,NA,NA,2.382,2.717,NA,NA,NA,NA,NA,NA,NA,NA,NA,NA,NA,NA,NA,NA,NA,NA,NA,NA,NA,0.029,NA,NA,NA,NA,0.054,NA,NA,NA,NA,NA,NA,6571.15934559235,"Afrique"
"140","Nauru",1975,"NRU",7218,NA,0,0,0.103,0.004,3.704,NA,NA,NA,NA,NA,NA,14.213,NA,NA,0,0,NA,NA,NA,0,0.773,NA,0,0,0,NA,0.773,NA,NA,NA,0,0,0,0,NA,NA,NA,NA,NA,NA,NA,NA,0.103,14.213,NA,NA,NA,0,0.001,NA,0,0,0,NA,0,0,0,NA,0.001,NA,0,0,NA,0.001,NA,NA,NA,NA,NA,NA,"Océanie"
"141","Nepal",1975,"NPL",13925542,13763861504,0.004,0,0.352,-0.073,-17.219,30.177,-1.539,-4.852,2.167,2.192,NA,0.025,0.026,NA,0.125,0.009,NA,NA,NA,0.022,4.056,568.495,0.931,0,0,1443.873,3.103,NA,NA,NA,0,0,0,0,NA,NA,29.825,2.142,NA,NA,NA,NA,0.224,0.016,NA,NA,NA,0.001,0.002,0.141,0.002,0,0.001,0.056,0,0,0,0.278,0.002,NA,0,0,0.682,0.003,NA,NA,NA,NA,NA,988.389644295353,"Asie"
"142","Netherlands",1975,"NLD",13663970,291063988224,1.477,0.108,152.525,-7.46,-4.663,150.51,-6.873,-4.367,11.015,0.517,0.183,11.163,0.524,0.185,8.515,0.623,NA,NA,NA,32.869,4300.957,4872.746,2580.766,0.44,409.173,585.507,1277.709,NA,60220.086,2.827,0.044,0.003,71.899,5.262,NA,NA,-2.015,-0.147,NA,NA,NA,NA,70.591,5.166,NA,NA,822.845,0.436,0.894,0.703,0.141,0.557,0.848,0.477,0.797,0.01,1.183,0.113,0.926,NA,0.013,3.188,-0.046,0.878,NA,NA,NA,NA,NA,21301.5681550823,"Europe"
"143","Netherlands Antilles",1975,"ANT",NA,NA,NA,NA,NA,NA,NA,NA,NA,NA,NA,NA,NA,NA,NA,NA,NA,NA,NA,NA,NA,NA,NA,NA,NA,NA,NA,5.02,NA,NA,NA,NA,NA,NA,NA,NA,NA,NA,0.073,NA,NA,NA,NA,NA,NA,NA,NA,NA,NA,NA,NA,NA,NA,NA,NA,NA,NA,NA,NA,0.001,NA,NA,NA,NA,0.002,NA,NA,NA,NA,NA,NA,NA,"Amérique"
"144","New Caledonia",1975,"NCL",136612,NA,0.029,0.213,2.528,-0.253,-9.091,2.931,-0.106,-3.498,21.455,NA,NA,18.504,NA,NA,0.271,1.985,NA,NA,NA,0.087,32.217,46.58,15.626,0,0,45.36,16.504,NA,NA,NA,0,0,0,0,NA,NA,0.403,2.95,NA,NA,NA,NA,2.228,16.307,NA,NA,NA,0.009,0.015,0.014,0.004,0.001,0.006,0.005,0.005,0,0,0.009,0.012,NA,0,0,0.009,0.028,NA,NA,NA,NA,NA,NA,"Océanie"
"145","New Zealand",1975,"NZL",3095434,62066044928,0.559,0.18,18.27,-0.49,-2.61,54.434,4.164,8.282,17.585,0.877,0.428,5.902,0.294,0.144,5.251,1.696,NA,NA,NA,10.66,568.919,3344.252,389.129,0.253,2.576,3001.952,166.302,NA,41098.469,2.05,0.066,0.021,0.605,0.195,NA,NA,36.164,11.683,NA,NA,NA,NA,11.791,3.809,NA,NA,127.218,0.165,0.107,0.254,0.087,0.181,0.112,0.327,0.12,0.006,0.007,0.579,0.121,NA,0.02,0.027,0.828,0.147,NA,NA,NA,NA,NA,20050.8377590994,"Océanie"
"146","Nicaragua",1975,"NIC",2857464,12006134784,0.087,0.031,1.927,-0.022,-1.116,12.809,-1.377,-9.71,4.483,1.067,NA,0.674,0.16,NA,0,0,NA,NA,NA,0.999,22.672,1336.656,0,0,0,2687.397,21.673,NA,NA,NA,0,0,0,0,NA,NA,10.882,3.808,NA,NA,NA,NA,1.839,0.644,NA,NA,NA,0.026,0.011,0.06,0,0.017,0.004,0.131,0,0,0,0.518,0.016,NA,0,0,0.249,0.023,NA,NA,NA,NA,NA,4201.67490614055,"Amérique"
"147","Niger",1975,"NER",5339497,5689990144,0.007,0.001,0.333,0.044,15.205,-24.472,6.2,-20.213,-4.583,-4.301,NA,0.062,0.059,NA,0,0,NA,NA,NA,0.138,2.743,113.689,0,0,0,860.747,2.605,NA,NA,NA,0,0,0,0,NA,NA,-24.805,-4.646,NA,NA,NA,NA,0.326,0.061,NA,NA,NA,0.002,0.002,-0.114,0,0.002,0.001,0.011,0,0,0,0.166,0.002,NA,0,0,-0.568,0.004,NA,NA,NA,NA,NA,1065.64160331956,"Afrique"
"148","Nigeria",1975,"NGA",62851316,132128497664,0.676,0.011,47.352,-14.884,-23.915,-21.422,-22.468,-2146.593,-0.341,-0.162,NA,0.753,0.358,NA,0.594,0.009,NA,NA,NA,6.197,391.799,8039.63,62.96,225.766,4.657,8608.531,92.219,NA,NA,NA,35.687,0.568,0.773,0.012,NA,NA,-68.773,-1.094,NA,NA,NA,NA,9.622,0.153,NA,NA,NA,0.199,0.278,-0.1,0.01,0.105,0.077,0.787,0.019,5.189,0.013,1.659,0.067,NA,10.6,0.034,-1.574,0.12,NA,NA,NA,NA,NA,2102.23915858818,"Afrique"
"149","Niue",1975,"NIU",4293,NA,0,0,0.004,0,0,NA,NA,NA,NA,NA,NA,0.853,NA,NA,0,0,NA,NA,NA,0,0.022,NA,0,0,0,NA,0.022,NA,NA,NA,0,0,0,0,NA,NA,NA,NA,NA,NA,NA,NA,0.004,0.853,NA,NA,NA,0,0,NA,0,0,0,NA,0,0,0,NA,0,NA,0,0,NA,0,NA,NA,NA,NA,NA,NA,"Océanie"
"150","North America (excl. USA)",1975,"",NA,NA,13.321,0.103,649.93,19.465,3.087,1156.999,46.598,4.196,8.905,0.94,0.395,5.002,0.528,0.222,72.658,0.559,NA,NA,NA,192.842,15472.826,62342.938,5613.547,268.428,1364.84,57045.695,8033.17,NA,NA,NA,16.979,0.131,114.571,0.882,NA,NA,507.171,3.904,NA,NA,NA,NA,432.401,3.328,NA,NA,NA,3.928,3.811,5.4,1.204,3.266,3.05,6.102,1.734,6.17,3.945,10.996,5.824,NA,5.043,5.08,11.606,5.379,NA,NA,NA,NA,NA,NA,"Amérique"
"151","North Korea",1975,"PRK",16723254,NA,3.453,0.206,107.624,6.012,5.917,112.973,5.866,5.476,6.755,NA,NA,6.436,NA,NA,100.613,6.016,NA,NA,NA,35.598,1223.082,2035.171,1154.31,0,0,954.912,33.174,NA,NA,NA,0,0,0,0,NA,NA,5.349,0.32,NA,NA,NA,NA,3.558,0.213,NA,NA,NA,1.018,0.631,0.527,1.667,0.603,0.241,0.199,0.356,0,0,0.184,0.024,NA,0,0,0.122,0.044,NA,NA,NA,NA,NA,NA,"Asie"
"152","North Macedonia",1975,"MKD",1774013,13579776000,0.294,0.166,9.838,0.41,4.344,10.278,0.336,3.383,5.794,0.757,NA,5.546,0.724,NA,5.459,3.077,NA,NA,NA,3.885,155.135,510.397,116.636,0,0,498.964,34.614,NA,NA,NA,0,0,0,0,NA,NA,0.44,0.248,NA,NA,NA,NA,4.085,2.303,NA,NA,NA,0.087,0.058,0.048,0.09,0.066,0.031,0.05,0.036,0,0,0.096,0.025,NA,0,0,0.01,0.051,NA,NA,NA,NA,NA,7654.83454743567,"Europe"
"153","Norway",1975,"NOR",4007471,78383038464,1.347,0.336,30.612,2.917,10.533,33.873,3.137,10.206,8.452,0.432,0.101,7.639,0.391,0.091,3.001,0.749,NA,NA,NA,24.413,858.241,1845.517,451.637,4.272,1.39,988.291,376.529,NA,83942.922,4.292,0.872,0.218,1.39,0.347,NA,NA,3.261,0.814,NA,NA,NA,NA,24.002,5.989,NA,NA,336.399,0.397,0.179,0.158,0.05,0.413,0.169,0.181,0.139,0.098,0.004,0.19,0.273,NA,0.259,0.062,0.075,0.299,NA,NA,NA,NA,NA,19559.2278681493,"Europe"
"154","Oman",1975,"OMN",787204,6212164608,0,0,7.251,4.917,210.675,7.251,4.917,210.675,9.211,1.167,0.562,9.211,1.167,0.562,0,0,NA,NA,NA,0,16.708,15.865,0,13.88,0,-7.914,2.828,NA,16393.078,2.077,6.529,8.294,0,0,NA,NA,0,0,NA,NA,NA,NA,0.722,0.917,NA,NA,12.905,0,0.043,0.034,0,0,0.003,0.002,0,0.319,0,-0.002,0.002,NA,1.939,0,0,0.009,NA,NA,NA,NA,NA,7891.42916956723,"Asie"
"155","Pakistan",1975,"PAK",68127000,116475289600,1.541,0.023,23.188,1.8,8.418,30.076,-11.427,-27.532,0.441,0.258,0.276,0.34,0.199,0.213,2.367,0.035,NA,NA,NA,21.135,367.913,2159.206,112.674,4.211,63.621,2630.239,166.273,NA,1596.716,0.934,0.616,0.009,7.599,0.112,NA,NA,6.888,0.101,NA,NA,NA,NA,11.065,0.162,NA,NA,108.779,0.454,0.136,0.14,0.039,0.358,0.073,0.211,0.035,0.097,0.184,0.507,0.121,NA,0.183,0.337,0.158,0.138,NA,NA,NA,NA,NA,1709.67882924538,"Asie"
"156","Palau",1975,"PLW",12628,NA,0,0,0.194,NA,0,NA,NA,NA,NA,NA,NA,15.378,NA,NA,0,0,NA,NA,NA,0,1.748,NA,0,0,0,NA,1.748,NA,NA,NA,0,0,0,0,NA,NA,NA,NA,NA,NA,NA,NA,0.194,15.378,NA,NA,NA,0,0.001,NA,0,0,0,NA,0,0,0,NA,0.001,NA,0,0,NA,0.002,NA,NA,NA,NA,NA,NA,"Océanie"
"157","Palestine",1975,"PSE",1263711,4906084864,NA,NA,NA,NA,NA,NA,NA,NA,NA,NA,NA,NA,NA,NA,NA,NA,NA,NA,NA,NA,NA,NA,NA,NA,NA,9.856,NA,NA,NA,NA,NA,NA,NA,NA,NA,NA,0.073,0.058,NA,NA,NA,NA,NA,NA,NA,NA,NA,NA,NA,NA,NA,NA,NA,NA,NA,NA,NA,0.002,NA,NA,NA,NA,0.002,NA,NA,NA,NA,NA,NA,3882.28389560588,"Asie"
"158","Panama",1975,"PAN",1734882,9880100864,0.138,0.08,3.659,0.642,21.265,17.949,0.862,5.042,10.346,1.817,NA,2.109,0.37,NA,0.004,0.002,NA,NA,NA,2.083,39.433,579.141,0.099,0,0,1323.327,37.251,NA,NA,NA,0,0,0,0,NA,NA,14.29,8.237,NA,NA,NA,NA,3.517,2.027,NA,NA,NA,0.041,0.021,0.084,0,0.035,0.008,0.057,0,0,0,0.255,0.027,NA,0,0,0.327,0.044,NA,NA,NA,NA,NA,5694.9699541525,"Amérique"
"159","Panama Canal Zone (GCP)",1975,"",NA,NA,0,NA,1.114,NA,NA,NA,NA,NA,NA,NA,NA,NA,NA,NA,0,NA,NA,NA,NA,NA,NA,NA,NA,NA,NA,NA,NA,NA,NA,NA,0,NA,0,NA,NA,NA,NA,NA,NA,NA,NA,NA,1.114,NA,NA,NA,NA,NA,NA,NA,NA,NA,NA,NA,NA,NA,NA,NA,NA,NA,NA,NA,NA,NA,NA,NA,NA,NA,NA,NA,"Amérique"
"160","Papua New Guinea",1975,"PNG",2794470,NA,0,0,1.532,-0.055,-3.464,21.427,-0.605,-2.744,7.668,NA,NA,0.548,NA,NA,0,0,NA,NA,NA,0,11.593,74.101,0,0,0,62.508,11.593,NA,NA,NA,0,0,0,0,NA,NA,19.896,7.12,NA,NA,NA,NA,1.532,0.548,NA,NA,NA,0,0.009,0.1,0,0,0.002,0.007,0,0,0,0.012,0.008,NA,0,0,0.455,0.019,NA,NA,NA,NA,NA,NA,"Océanie"
"161","Paraguay",1975,"PRY",2714669,9879327744,0.067,0.025,0.836,-0.115,-12.045,67.521,5.418,8.724,24.873,6.835,NA,0.308,0.085,NA,0,0,NA,NA,NA,0.406,10.97,979.401,0,0,0,1836.8,10.563,NA,NA,NA,0,0,0,0,NA,NA,66.685,24.565,NA,NA,NA,NA,0.769,0.283,NA,NA,NA,0.02,0.005,0.315,0,0.007,0.002,0.096,0,0,0,0.354,0.008,NA,0,0,1.526,0.01,NA,NA,NA,NA,NA,3639.23842796304,"Amérique"
"162","Peru",1975,"PER",15441500,104551628800,0.929,0.06,21.927,0.602,2.823,69.926,2.214,3.27,4.528,0.669,0.734,1.42,0.21,0.23,0.714,0.046,NA,NA,NA,13.332,484.703,3086.582,35.802,8.516,15.928,2944.354,411.124,NA,6169.315,0.911,1.187,0.077,0.938,0.061,NA,NA,47.998,3.108,NA,NA,NA,NA,18.159,1.176,NA,NA,95.263,0.274,0.129,0.326,0.012,0.226,0.096,0.302,0.011,0.196,0.046,0.568,0.298,NA,0.353,0.042,1.098,0.226,NA,NA,NA,NA,NA,6770.82076223165,"Amérique"
"163","Philippines",1975,"PHL",42394428,143695708160,2.108,0.05,32.482,1.99,6.527,296.4,62.996,26.99,6.991,2.063,2.43,0.766,0.226,0.266,0.15,0.004,NA,NA,NA,20.825,376.342,7287.159,5.958,0,0,10276.274,349.56,NA,2877.3,0.849,0,0,0,0,NA,NA,263.918,6.225,NA,NA,NA,NA,30.224,0.713,NA,NA,121.981,0.622,0.19,1.383,0.002,0.353,0.074,0.713,0.002,0,0,1.981,0.253,NA,0,0,6.039,0.376,NA,NA,NA,NA,NA,3389.49515157983,"Asie"
"164","Poland",1975,"POL",33899768,314487209984,8.746,0.258,374.78,28.544,8.244,327.624,30.669,10.328,9.665,1.042,0.268,11.056,1.192,0.307,310.029,9.145,NA,NA,NA,115.944,11397.059,11546.297,10685.169,0,132.974,209.398,462.973,NA,35996.395,3.88,0,0,14.539,0.429,NA,NA,-47.156,-1.391,NA,NA,NA,NA,41.465,1.223,NA,NA,1220.269,2.579,2.198,1.529,5.135,1.964,2.246,1.13,3.3,0,0.384,0.04,0.336,NA,0,0.645,-1.079,0.516,NA,NA,NA,NA,NA,9276.9723375098,"Europe"
"165","Portugal",1975,"PRT",9202708,97762402304,1.655,0.18,21.275,0.63,3.053,23.071,0.63,2.809,2.507,0.236,0.218,2.312,0.218,0.201,1.638,0.178,NA,NA,NA,23.315,492.574,1033.893,248.834,0,0,611.302,220.425,NA,11499.563,1.082,0,0,0,0,NA,NA,1.795,0.195,NA,NA,NA,NA,17.983,1.954,NA,NA,105.827,0.488,0.125,0.108,0.027,0.395,0.097,0.101,0.077,0,0,0.118,0.16,NA,0,0,0.041,0.224,NA,NA,NA,NA,NA,10623.2211544689,"Europe"
"166","Puerto Rico",1975,"PRI",2972272,32499255296,NA,NA,NA,NA,0,NA,NA,0,NA,NA,NA,NA,NA,NA,NA,NA,NA,NA,NA,NA,NA,NA,NA,NA,NA,358.193,NA,NA,NA,NA,NA,NA,NA,NA,NA,NA,-1.026,-0.345,NA,NA,NA,NA,NA,NA,NA,NA,NA,NA,NA,NA,NA,NA,NA,NA,NA,NA,NA,0.069,NA,NA,NA,NA,-0.023,NA,NA,NA,NA,NA,NA,10934.145763241,"Amérique"
"167","Qatar",1975,"QAT",195054,9281297408,0.08,0.41,10.947,0.469,4.474,10.947,0.469,4.474,56.125,1.18,0.467,56.125,1.18,0.467,0,0,NA,NA,NA,0.523,111.535,111.425,0,83.682,19.203,-0.11,8.127,NA,120199.266,2.526,6.21,31.84,4.239,21.734,NA,NA,0,0,NA,NA,NA,NA,0.418,2.141,NA,NA,23.445,0.024,0.064,0.051,0,0.009,0.022,0.011,0,1.924,0.056,0,0.006,NA,1.845,0.188,0,0.005,NA,NA,NA,NA,NA,47583.2200723902,"Asie"
"168","Reunion",1975,"REU",515594,NA,0,0,0.484,0.059,13.793,0.41,0.059,16.667,0.796,NA,NA,0.938,NA,NA,0,0,NA,NA,NA,0,4.184,41.997,0,0,0,37.812,4.184,NA,NA,NA,0,0,0,0,NA,NA,-0.073,-0.142,NA,NA,NA,NA,0.484,0.938,NA,NA,NA,0,0.003,0.002,0,0,0.001,0.004,0,0,0,0.007,0.003,NA,0,0,-0.002,0.006,NA,NA,NA,NA,NA,NA,"Afrique"
"169","Romania",1975,"ROU",21167270,92819857408,5.623,0.266,162.006,11.286,7.488,178.238,9.674,5.739,8.42,1.92,0.309,7.654,1.745,0.281,43.99,2.078,NA,NA,NA,67.258,2670.842,5952.027,670.792,0,851.711,3488.311,1081.081,NA,27283.199,6.222,0,0,69.949,3.305,NA,NA,16.232,0.767,NA,NA,NA,NA,42.444,2.005,NA,NA,577.511,1.658,0.95,0.832,0.729,1.139,0.526,0.583,0.207,0,2.462,0.672,0.784,NA,0,3.101,0.371,0.528,NA,NA,NA,NA,NA,4385.06512214376,"Europe"
"170","Russia",1975,"RUS",133841848,1499251212288,34.726,0.259,1829.332,89.009,5.115,2208.189,93.333,4.413,16.498,1.473,NA,13.668,1.22,NA,769.577,5.75,NA,NA,NA,489.721,33457.32,120112.711,19813.738,75.462,3401.952,90107.914,9676.447,NA,NA,NA,18.252,0.136,321.879,2.405,NA,NA,378.858,2.831,NA,NA,NA,NA,684.898,5.117,NA,NA,NA,10.24,10.726,10.307,12.747,8.294,6.594,11.757,6.119,1.735,9.834,17.368,7.016,NA,5.421,14.271,8.669,8.52,NA,NA,NA,NA,NA,11201.6625195432,"Europe"
"171","Rwanda",1975,"RWA",4515760,5223878656,0,0,0.176,0.103,140,8.127,-0.557,-6.414,1.8,1.556,NA,0.039,0.034,NA,0,0,NA,NA,NA,0,1.368,223.48,0.012,0,0,507.391,1.356,NA,NA,NA,0,0,0,0,NA,NA,7.951,1.761,NA,NA,NA,NA,0.176,0.039,NA,NA,NA,0,0.001,0.038,0,0,0,0.022,0,0,0,0.098,0.001,NA,0,0,0.182,0.002,NA,NA,NA,NA,NA,1156.81051605931,"Afrique"
"172","Saint Kitts and Nevis",1975,"KNA",43908,NA,NA,NA,NA,NA,NA,NA,NA,NA,NA,NA,NA,NA,NA,NA,NA,NA,NA,NA,NA,NA,NA,NA,NA,NA,NA,2.308,NA,NA,NA,NA,NA,NA,NA,NA,NA,NA,-0.037,-0.834,NA,NA,NA,NA,NA,NA,NA,NA,NA,NA,NA,NA,NA,NA,NA,NA,NA,NA,NA,0,NA,NA,NA,NA,-0.001,NA,NA,NA,NA,NA,NA,NA,"Amérique"
"173","Saint Lucia",1975,"LCA",111511,271936000,0,0,0.077,0.004,5,0.114,-0.033,-22.5,1.019,0.418,NA,0.69,0.283,NA,0,0,NA,NA,NA,0,0.821,3.312,0,0,0,4.69,0.821,NA,NA,NA,0,0,0,0,NA,NA,0.037,0.329,NA,NA,NA,NA,0.077,0.69,NA,NA,NA,0,0,0.001,0,0,0,0,0,0,0,0.001,0.001,NA,0,0,0.001,0.001,NA,NA,NA,NA,NA,2438.64730833729,"Amérique"
"174","Saint Martin (French part)",1975,"MAF",6672,NA,NA,NA,NA,NA,NA,NA,NA,NA,NA,NA,NA,NA,NA,NA,NA,NA,NA,NA,NA,NA,NA,NA,NA,NA,NA,0.183,NA,NA,NA,NA,NA,NA,NA,NA,NA,NA,0,NA,NA,NA,NA,NA,NA,NA,NA,NA,NA,NA,NA,NA,NA,NA,NA,NA,NA,NA,NA,0,NA,NA,NA,NA,0,NA,NA,NA,NA,NA,NA,NA,"Amérique"
"175","Saint Pierre and Miquelon",1975,"SPM",5970,NA,0,0,0.033,-0.011,-25,0.07,-0.011,-13.636,11.661,NA,NA,5.524,NA,NA,0.004,0.614,NA,NA,NA,0,0.997,1.986,0.492,0,0,1.209,0.505,NA,NA,NA,0,0,0,0,NA,NA,0.037,6.137,NA,NA,NA,NA,0.029,4.91,NA,NA,NA,0,0,0,0,0,0,0,0,0,0,0,0,NA,0,0,0.001,0,NA,NA,NA,NA,NA,NA,"Amérique"
"176","Saint Vincent and the Grenadines",1975,"VCT",103897,NA,0,0,0.033,0,0,0.033,0,0,0.317,NA,NA,0.317,NA,NA,0,0,NA,NA,NA,0,0.447,1.839,0,0,0,1.392,0.447,NA,NA,NA,0,0,0,0,NA,NA,0,0,NA,NA,NA,NA,0.033,0.317,NA,NA,NA,0,0,0,0,0,0,0,0,0,0,0,0,NA,0,0,0,0,NA,NA,NA,NA,NA,NA,"Amérique"
"177","Samoa",1975,"WSM",155271,NA,0,0,0.059,0.015,33.333,0.425,0.198,87.097,2.737,NA,NA,0.378,NA,NA,0,0,NA,NA,NA,0,0.575,8.38,0,0,0,15.132,0.575,NA,NA,NA,0,0,0,0,NA,NA,0.366,2.36,NA,NA,NA,NA,0.059,0.378,NA,NA,NA,0,0,0.002,0,0,0,0.001,0,0,0,0.003,0,NA,0,0,0.008,0.001,NA,NA,NA,NA,NA,NA,"Océanie"
"178","Sao Tome and Principe",1975,"STP",86055,202458000,0,0,0.018,0,0,0.018,-0.037,-66.667,0.213,0.09,NA,0.213,0.09,NA,0,0,NA,NA,NA,0,0.253,1.279,0,0,0,6.668,0.253,NA,NA,NA,0,0,0,0,NA,NA,0,0,NA,NA,NA,NA,0.018,0.213,NA,NA,NA,0,0,0,0,0,0,0,0,0,0,0.001,0,NA,0,0,0,0,NA,NA,NA,NA,NA,2352.65818371971,"Afrique"
"179","Saudi Arabia",1975,"SAU",7897541,135364157440,0.553,0.07,83.261,-15.441,-15.644,86.705,-14.965,-14.719,10.979,0.641,0.342,10.543,0.615,0.329,0,0,NA,NA,NA,4.103,716.817,744.48,0,385.746,17.704,-6.412,309.264,NA,32068.316,1.871,56.107,7.104,1.055,0.134,NA,NA,3.444,0.436,NA,NA,NA,NA,25.545,3.235,NA,NA,253.261,0.163,0.488,0.405,0,0.069,0.141,0.073,0,8.867,0.051,-0.001,0.224,NA,16.664,0.047,0.079,0.318,NA,NA,NA,NA,NA,17140.0385816294,"Asie"
"180","Senegal",1975,"SEN",5047927,11100898304,0.178,0.035,2.578,0.729,39.428,6.425,-0.517,-7.444,1.273,0.579,NA,0.511,0.232,NA,0,0,NA,NA,NA,1.981,19.762,193.143,0,0,0,747.493,17.781,NA,NA,NA,0,0,0,0,NA,NA,3.847,0.762,NA,NA,NA,NA,2.4,0.475,NA,NA,NA,0.053,0.015,0.03,0,0.034,0.004,0.019,0,0,0,0.144,0.013,NA,0,0,0.088,0.03,NA,NA,NA,NA,NA,2199.10040378952,"Afrique"
"181","Serbia",1975,"SRB",7479841,63148765184,1.415,0.189,39.112,1.616,4.311,38.966,1.25,3.314,5.209,0.617,NA,5.229,0.619,NA,28.526,3.814,NA,NA,NA,17.276,617.229,1633.329,528.02,0,11.133,1709.329,60.8,NA,NA,NA,0,0,1.559,0.208,NA,NA,-0.147,-0.02,NA,NA,NA,NA,7.612,1.018,NA,NA,NA,0.417,0.229,0.182,0.473,0.293,0.122,0.16,0.163,0,0.032,0.329,0.044,NA,0,0.069,-0.003,0.095,NA,NA,NA,NA,NA,8442.52774677964,"Europe"
"182","Seychelles",1975,"SYC",60966,270360000,0,0,0.059,0.004,6.667,NA,NA,NA,NA,NA,NA,0.962,0.217,NA,0,0,NA,NA,NA,0,0.319,NA,0,0,0,NA,0.319,NA,NA,NA,0,0,0,0,NA,NA,NA,NA,NA,NA,NA,NA,0.059,0.962,NA,NA,NA,0,0,NA,0,0,0,NA,0,0,0,NA,0,NA,0,0,NA,0.001,NA,NA,NA,NA,NA,4434.602893416,"Afrique"
"183","Sierra Leone",1975,"SLE",3055919,4699530240,0,0,0.524,0.004,0.704,11.296,0.993,9.637,3.696,2.404,NA,0.171,0.111,NA,0,0,NA,NA,NA,0,10.127,1735.725,0.85,0,0,1725.597,9.278,NA,NA,NA,0,0,0,0,NA,NA,10.772,3.525,NA,NA,NA,NA,0.524,0.171,NA,NA,NA,0,0.003,0.053,0,0,0.002,0.17,0,0,0,0.333,0.007,NA,0,0,0.246,0.007,NA,NA,NA,NA,NA,1537.84515885401,"Afrique"
"184","Singapore",1975,"SGP",2232434,21725485056,0,0,23.864,2.437,11.371,24.083,2.437,11.256,10.788,1.109,0.28,10.69,1.098,0.278,0.004,0.002,NA,NA,NA,0,181.867,221.474,5.054,0,0,39.608,176.813,NA,38516.688,3.958,0,0,0,0,NA,NA,0.22,0.098,NA,NA,NA,NA,23.86,10.688,NA,NA,85.986,0,0.14,0.112,0,0,0.036,0.022,0.002,0,0,0.008,0.128,NA,0,0,0.005,0.297,NA,NA,NA,NA,NA,9731.74797373629,"Asie"
"185","Sint Maarten (Dutch part)",1975,"SXM",8929,NA,0,0,1.016,-0.387,-27.582,1.016,-0.387,-27.582,113.765,NA,NA,113.765,NA,NA,0,0,NA,NA,NA,0,38.089,38.272,0,0,0,0.183,38.089,NA,NA,NA,0,0,0,0,NA,NA,0,0,NA,NA,NA,NA,1.016,113.765,NA,NA,NA,0,0.006,0.005,0,0,0.008,0.004,0,0,0,0,0.028,NA,0,0,0,0.013,NA,NA,NA,NA,NA,NA,"Amérique"
"186","Slovakia",1975,"SVK",4737067,NA,1.471,0.31,55.525,2.467,4.65,57.357,2.614,4.774,12.108,NA,0.313,11.721,NA,0.303,34.694,7.324,NA,NA,NA,26.426,1801.848,2192.65,1603.214,0,34.514,442.465,137.694,NA,38649.555,NA,0,0,3.68,0.777,NA,NA,1.832,0.387,NA,NA,NA,NA,15.679,3.31,NA,NA,183.086,0.434,0.326,0.268,0.575,0.448,0.355,0.215,0.495,0,0.1,0.085,0.1,NA,0,0.163,0.042,0.195,NA,NA,NA,NA,NA,NA,"Europe"
"187","Slovenia",1975,"SVN",1817046,29627009024,0.445,0.245,11.074,0.453,4.263,12.32,0.453,3.815,6.78,0.416,NA,6.094,0.374,NA,4.201,2.312,NA,NA,NA,7.22,175.07,409.566,109.136,0,2.775,324.008,55.939,NA,NA,NA,0,0,0.345,0.19,NA,NA,1.246,0.686,NA,NA,NA,NA,6.082,3.347,NA,NA,NA,0.131,0.065,0.058,0.07,0.122,0.035,0.04,0.034,0,0.008,0.062,0.041,NA,0,0.015,0.029,0.076,NA,NA,NA,NA,NA,16305.0407221391,"Europe"
"188","Solomon Islands",1975,"SLB",197865,NA,0,0,0.059,-0.007,-11.111,0.572,-0.044,-7.143,2.889,NA,NA,0.296,NA,NA,0,0,NA,NA,NA,0,0.63,22.028,0,0,0,38.142,0.63,NA,NA,NA,0,0,0,0,NA,NA,0.513,2.592,NA,NA,NA,NA,0.059,0.296,NA,NA,NA,0,0,0.003,0,0,0,0.002,0,0,0,0.007,0,NA,0,0,0.012,0.001,NA,NA,NA,NA,NA,NA,"Océanie"
"189","Somalia",1975,"SOM",4228293,NA,0,0,0.502,0.172,52.222,9.039,-0.121,-1.32,2.138,NA,NA,0.119,NA,NA,0,0,NA,NA,NA,0,3.682,227.809,0,0,0,377.795,3.682,NA,NA,NA,0,0,0,0,NA,NA,8.537,2.019,NA,NA,NA,NA,0.502,0.119,NA,NA,NA,0,0.003,0.042,0,0,0.001,0.022,0,0,0,0.073,0.003,NA,0,0,0.195,0.006,NA,NA,NA,NA,NA,NA,"Afrique"
"190","South Africa",1975,"ZAF",25777966,175749496832,3.527,0.137,185.001,8.457,4.79,261.652,6.478,2.539,10.15,1.489,0.473,7.177,1.053,0.334,144.472,5.604,NA,NA,NA,56.161,4455.045,9353.117,3993.525,0,0,5283.928,405.36,NA,21468.244,3.149,0,0,0,0,NA,NA,76.651,2.974,NA,NA,NA,NA,37.002,1.435,NA,NA,553.408,1.04,1.085,1.221,2.393,0.951,0.878,0.916,1.233,0,0,1.018,0.294,NA,0,0,1.754,0.46,NA,NA,NA,NA,NA,6817.81862975535,"Afrique"
"191","South Korea",1975,"KOR",35930700,153895960576,4.953,0.138,81.666,6.115,8.094,74.887,6.189,9.008,2.084,0.487,0.282,2.273,0.531,0.307,30.679,0.854,NA,NA,NA,32.451,734.585,907.563,399.36,0,0,224.09,302.774,NA,7391.927,1.726,0,0,0,0,NA,NA,-6.778,-0.189,NA,NA,NA,NA,46.034,1.281,NA,NA,265.597,1.46,0.479,0.35,0.508,0.55,0.145,0.089,0.123,0,0,0.043,0.22,NA,0,0,-0.155,0.573,NA,NA,NA,NA,NA,4283.13282446487,"Asie"
"192","South Sudan",1975,"SSD",3718282,NA,0,0,0.353,-0.12,-25.419,9.513,-0.706,-6.913,2.558,NA,NA,0.095,NA,NA,0,0,NA,NA,NA,0,5.259,280.462,0.109,0,0,697.332,5.151,NA,NA,NA,0,0,0,0,NA,NA,9.16,2.464,NA,NA,NA,NA,0.353,0.095,NA,NA,NA,0,0.002,0.044,0,0,0.001,0.027,0,0,0,0.134,0.004,NA,0,0,0.21,0.004,NA,NA,NA,NA,NA,NA,"Afrique"
"193","Spain",1975,"ESP",35760432,448847380480,11.565,0.323,181.054,8.388,4.858,172.04,3.185,1.886,4.811,0.383,0.233,5.063,0.403,0.246,41.14,1.15,NA,NA,NA,146.98,3169.52,6113.716,1915.499,0,17.466,2946.442,1089.575,NA,20604.588,1.642,0,0,2.539,0.071,NA,NA,-9.013,-0.252,NA,NA,NA,NA,125.81,3.518,NA,NA,736.829,3.41,1.062,0.803,0.681,2.489,0.625,0.598,0.592,0,0.05,0.568,0.79,NA,0,0.113,-0.206,1.565,NA,NA,NA,NA,NA,12551.5088989976,"Europe"
"194","Sri Lanka",1975,"LKA",13662872,33538555904,0.193,0.014,2.893,-0.036,-1.24,27.295,7.621,38.739,1.998,0.814,1.394,0.212,0.086,0.148,0.011,0.001,NA,NA,NA,2.122,65.964,912.421,10.49,0,0,2051.84,53.352,NA,1432.75,0.584,0,0,0,0,NA,NA,24.402,1.786,NA,NA,NA,NA,2.689,0.197,NA,NA,19.575,0.057,0.017,0.127,0,0.036,0.013,0.089,0.003,0,0,0.395,0.039,NA,0,0,0.558,0.033,NA,NA,NA,NA,NA,2454.72225049023,"Asie"
"195","Sudan",1975,"SDN",13497547,NA,0.106,0.008,3.882,-1.323,-25.419,16.047,-1.799,-10.083,1.189,NA,NA,0.288,NA,NA,0,0,NA,NA,NA,1.37,57.889,600.93,1.286,0,0,945.971,55.232,NA,NA,NA,0,0,0,0,NA,NA,12.164,0.901,NA,NA,NA,NA,3.776,0.28,NA,NA,NA,0.031,0.023,0.075,0,0.023,0.011,0.059,0,0,0,0.182,0.04,NA,0,0,0.278,0.047,NA,NA,NA,NA,NA,NA,"Afrique"
"196","Suriname",1975,"SUR",392140,NA,0.015,0.037,2.019,0.418,26.094,4.51,0.528,13.25,11.502,NA,NA,5.148,NA,NA,0.088,0.224,NA,NA,NA,0.12,22.555,62.675,0.821,0,0,95.044,21.614,NA,NA,NA,0,0,0,0,NA,NA,2.492,6.354,NA,NA,NA,NA,1.916,4.887,NA,NA,NA,0.004,0.012,0.021,0.001,0.002,0.004,0.006,0,0,0,0.018,0.016,NA,0,0,0.057,0.024,NA,NA,NA,NA,NA,NA,"Amérique"
"197","Svalbard and Jan Mayen",1975,"SJM",NA,NA,NA,NA,NA,NA,NA,NA,NA,NA,NA,NA,NA,NA,NA,NA,NA,NA,NA,NA,NA,NA,NA,NA,NA,NA,NA,0,NA,NA,NA,NA,NA,NA,NA,NA,NA,NA,0,NA,NA,NA,NA,NA,NA,NA,NA,NA,NA,NA,NA,NA,NA,NA,NA,NA,NA,NA,NA,0,NA,NA,NA,NA,0,NA,NA,NA,NA,NA,NA,NA,"Europe"
"198","Sweden",1975,"SWE",8224408,185219153920,1.556,0.189,80.76,0.937,1.174,82.189,0.608,0.745,9.993,0.444,0.155,9.82,0.436,0.153,7.086,0.862,NA,NA,NA,53.323,2419.757,5552.012,1073.917,0,0,3133.233,1292.517,NA,64378.648,2.859,0,0,0,0,NA,NA,1.429,0.174,NA,NA,NA,NA,72.118,8.769,NA,NA,529.476,0.459,0.474,0.384,0.117,0.903,0.477,0.543,0.332,0,0,0.604,0.937,NA,0,0,0.033,0.897,NA,NA,NA,NA,NA,22520.6670097106,"Europe"
"199","Switzerland",1975,"CHE",6338272,156680781824,1.862,0.294,39.051,-2.376,-5.735,38.648,-2.522,-6.126,6.098,0.247,0.14,6.161,0.249,0.142,0.773,0.122,NA,NA,NA,49.823,1142.186,1375.985,550.781,0,2.862,261.646,538.72,NA,43472.375,1.759,0,0,1.183,0.187,NA,NA,-0.403,-0.064,NA,NA,NA,NA,35.233,5.559,NA,NA,275.54,0.549,0.229,0.18,0.013,0.844,0.225,0.135,0.17,0,0.008,0.05,0.391,NA,0,0.052,-0.009,0.438,NA,NA,NA,NA,NA,24719.7945787117,"Europe"
"200","Syria",1975,"SYR",7497127,65835233280,0.491,0.065,11.171,1.517,15.711,10.915,10.237,1510.763,1.456,0.166,NA,1.49,0.17,NA,0.007,0.001,NA,NA,NA,7.895,108.731,600.183,0.235,2.184,0.191,558.54,98.227,NA,NA,NA,0.403,0.054,0,0,NA,NA,-0.256,-0.034,NA,NA,NA,NA,10.27,1.37,NA,NA,NA,0.145,0.066,0.051,0,0.134,0.021,0.059,0,0.05,0.001,0.108,0.071,NA,0.12,0,-0.006,0.128,NA,NA,NA,NA,NA,8781.39496369743,"Asie"
"201","Taiwan",1975,"TWN",16551776,90166452224,3.355,0.203,43.454,4.144,10.543,49.097,3.778,8.336,2.966,0.545,0.276,2.625,0.482,0.244,8.046,0.486,NA,NA,NA,33.774,625.146,1213.108,369.898,0,22.952,610.056,198.523,NA,10761.407,1.975,0,0,2.818,0.17,NA,NA,5.643,0.341,NA,NA,NA,NA,29.235,1.766,NA,NA,178.12,0.989,0.255,0.229,0.133,0.572,0.123,0.119,0.114,0,0.066,0.118,0.144,NA,0,0.125,0.129,0.364,NA,NA,NA,NA,NA,5447.53941957649,"Asie"
"202","Tajikistan",1975,"TJK",3482127,NA,0.249,0.071,9.803,0.481,5.16,10.279,0.481,4.909,2.952,NA,NA,2.815,NA,NA,2.002,0.575,NA,NA,NA,3.27,178.574,301.574,61.54,0.491,15.274,126.298,97.999,NA,NA,NA,0.117,0.033,1.328,0.381,NA,NA,0.476,0.137,NA,NA,NA,NA,6.108,1.754,NA,NA,NA,0.073,0.057,0.048,0.033,0.055,0.035,0.03,0.019,0.011,0.044,0.024,0.071,NA,0.035,0.059,0.011,0.076,NA,NA,NA,NA,NA,NA,"Asie"
"203","Tanzania",1975,"TZA",16243823,15437357056,0.131,0.008,2.282,-0.022,-0.949,56.875,-9.072,-13.756,3.501,3.684,NA,0.14,0.148,NA,0.004,0,NA,NA,NA,0.978,32.048,2960.061,0.955,0,0,5483.762,30.116,NA,NA,NA,0,0,0,0,NA,NA,54.594,3.361,NA,NA,NA,NA,2.147,0.132,NA,NA,NA,0.039,0.013,0.265,0,0.017,0.006,0.29,0,0,0,1.057,0.022,NA,0,0,1.249,0.027,NA,NA,NA,NA,NA,950.352454345261,"Afrique"
"204","Thailand",1975,"THA",40908472,132015456256,1.83,0.045,24.236,0.132,0.549,374.478,-67.798,-15.329,9.154,2.837,3.401,0.592,0.184,0.22,0.63,0.015,NA,NA,NA,18.736,237.423,10379.082,6.361,0,0,15116.821,212.326,NA,2691.797,0.834,0,0,0,0,NA,NA,350.242,8.562,NA,NA,NA,NA,21.776,0.532,NA,NA,110.117,0.54,0.142,1.748,0.01,0.317,0.047,1.016,0.002,0,0,2.914,0.154,NA,0,0,8.015,0.271,NA,NA,NA,NA,NA,3227.09330859388,"Asie"
"205","Togo",1975,"TGO",2509720,3527451904,0,0,0.311,-0.079,-20.239,0.751,0.141,23.072,0.299,0.213,NA,0.124,0.088,NA,0,0,NA,NA,NA,0.21,3.926,201.232,0,0,0,696.636,3.715,NA,NA,NA,0,0,0,0,NA,NA,0.44,0.175,NA,NA,NA,NA,0.311,0.124,NA,NA,NA,0,0.002,0.004,0,0.004,0.001,0.02,0,0,0,0.134,0.003,NA,0,0,0.01,0.004,NA,NA,NA,NA,NA,1405.51611494509,"Afrique"
"206","Tonga",1975,"TON",93490,NA,0,0,0.033,0.011,50,0.033,-0.026,-43.75,0.353,NA,NA,0.353,NA,NA,0,0,NA,NA,NA,0,0.337,2.682,0,0,0,2.785,0.337,NA,NA,NA,0,0,0,0,NA,NA,0,0,NA,NA,NA,NA,0.033,0.353,NA,NA,NA,0,0,0,0,0,0,0,0,0,0,0.001,0,NA,0,0,0,0,NA,NA,NA,NA,NA,NA,"Océanie"
"207","Trinidad and Tobago",1975,"TTO",1054023,14634735616,0.127,0.121,9.613,-0.429,-4.27,9.247,-0.612,-6.207,8.773,0.632,0.193,9.121,0.657,0.201,0,0,NA,NA,NA,2.042,313.783,331.553,0.231,14.858,63.172,102.336,233.479,NA,45458.895,3.274,3.855,3.657,2.902,2.753,NA,NA,-0.366,-0.348,NA,NA,NA,NA,2.73,2.59,NA,NA,47.915,0.038,0.056,0.043,0,0.035,0.062,0.032,0,0.342,0.183,0.02,0.169,NA,1.145,0.129,-0.008,0.034,NA,NA,NA,NA,NA,13884.645416656,"Amérique"
"208","Tunisia",1975,"TUN",5769080,22239762432,0.305,0.053,5.541,0.15,2.78,13.968,0.15,1.085,2.421,0.628,NA,0.96,0.249,NA,0.315,0.055,NA,NA,NA,5.961,70.3,466.269,7.273,0.103,1.546,489.584,55.417,NA,NA,NA,0.015,0.003,0.487,0.084,NA,NA,8.427,1.461,NA,NA,NA,NA,4.419,0.766,NA,NA,NA,0.09,0.032,0.065,0.005,0.101,0.014,0.046,0.002,0.002,0.004,0.094,0.04,NA,0.004,0.022,0.193,0.055,NA,NA,NA,NA,NA,3854.99289869442,"Afrique"
"209","Turkey",1975,"TUR",39673588,231789920256,5.103,0.129,65.419,4.491,7.37,103.012,1.853,1.831,2.596,0.444,0.441,1.649,0.282,0.28,21.002,0.529,NA,NA,NA,48.119,909.706,6538.929,523.323,0,0,5852.91,338.264,NA,5890.216,1.008,0,0,0,0,NA,NA,37.593,0.948,NA,NA,NA,NA,39.315,0.991,NA,NA,233.686,1.505,0.384,0.481,0.348,0.815,0.179,0.64,0.162,0,0,1.128,0.245,NA,0,0,0.86,0.489,NA,NA,NA,NA,NA,5842.42393846506,"Asie"
"210","Turkmenistan",1975,"TKM",2525761,NA,0.692,0.274,25.352,1.251,5.192,25.352,1.215,5.032,10.037,NA,NA,10.037,NA,NA,1.377,0.545,NA,NA,NA,9.088,460.011,590.523,56.487,1.525,102.474,134.029,290.437,NA,NA,NA,0.356,0.141,8.136,3.221,NA,NA,0,0,NA,NA,NA,NA,14.791,5.856,NA,NA,NA,0.204,0.149,0.118,0.023,0.154,0.091,0.058,0.017,0.035,0.296,0.026,0.211,NA,0.106,0.361,0,0.184,NA,NA,NA,NA,NA,NA,"Asie"
"211","Turks and Caicos Islands",1975,"TCA",6476,NA,NA,NA,NA,NA,NA,NA,NA,NA,NA,NA,NA,NA,NA,NA,NA,NA,NA,NA,NA,NA,NA,NA,NA,NA,NA,0,NA,NA,NA,NA,NA,NA,NA,NA,NA,NA,0,0,NA,NA,NA,NA,NA,NA,NA,NA,NA,NA,NA,NA,NA,NA,NA,NA,NA,NA,NA,0,NA,NA,NA,NA,0,NA,NA,NA,NA,NA,NA,NA,"Amérique"
"212","Tuvalu",1975,"TUV",6404,NA,0,0,0,0,NA,NA,NA,NA,NA,NA,NA,0,NA,NA,NA,NA,NA,NA,NA,0,0,NA,NA,NA,NA,NA,NA,NA,NA,NA,NA,NA,NA,NA,NA,NA,NA,NA,NA,NA,NA,NA,NA,NA,NA,NA,NA,0,0,NA,NA,0,0,NA,NA,NA,NA,NA,NA,NA,NA,NA,NA,NA,NA,NA,NA,NA,NA,NA,"Océanie"
"213","Uganda",1975,"UGA",11730966,13613860864,0.044,0.004,1.129,-0.061,-5.137,50.739,0.452,0.899,4.325,3.727,NA,0.096,0.083,NA,0,0,NA,NA,NA,1.196,16.585,1322.801,0,0,0,2343.751,15.389,NA,NA,NA,0,0,0,0,NA,NA,49.611,4.229,NA,NA,NA,NA,1.085,0.092,NA,NA,NA,0.013,0.007,0.237,0,0.02,0.003,0.129,0,0,0,0.452,0.011,NA,0,0,1.135,0.013,NA,NA,NA,NA,NA,1160.50637807662,"Afrique"
"214","Ukraine",1975,"UKR",48892180,NA,9.523,0.195,579.197,28.158,5.11,598.58,28.817,5.058,12.243,NA,NA,11.846,NA,NA,318.71,6.519,NA,NA,NA,132.025,10604.199,23061.455,7444.695,22.809,750.81,12803.737,2253.86,NA,NA,NA,5.579,0.114,74.199,1.518,NA,NA,19.383,0.396,NA,NA,NA,NA,171.186,3.501,NA,NA,NA,2.808,3.396,2.794,5.279,2.236,2.09,2.257,2.299,0.524,2.17,2.468,1.634,NA,1.657,3.29,0.444,2.129,NA,NA,NA,NA,NA,NA,"Europe"
"215","United Arab Emirates",1975,"ARE",543410,21211678720,0,0,31.045,-0.256,-0.819,31.045,-0.256,-0.819,57.13,1.464,1.301,57.13,1.464,1.301,0,0,NA,NA,NA,0,175.594,175.594,0,156.889,10.952,0,7.753,NA,43906.461,1.125,27.022,49.727,1.521,2.798,NA,NA,0,0,NA,NA,NA,NA,2.503,4.605,NA,NA,23.859,0,0.182,0.145,0,0,0.035,0.017,0,3.606,0.032,0,0.006,NA,8.026,0.067,0,0.031,NA,NA,NA,NA,NA,39034.3915643805,"Asie"
"216","United Kingdom",1975,"GBR",56266852,1061564055552,8.356,0.149,603.247,-13.937,-2.258,595.406,-13.607,-2.234,10.582,0.561,0.249,10.721,0.568,0.253,276.2,4.909,NA,NA,NA,251.799,54036.402,51740.168,49008.281,28.341,335.952,1284.488,4412.03,NA,42445.047,2.25,5.914,0.105,71.382,1.269,NA,NA,-7.841,-0.139,NA,NA,NA,NA,241.395,4.29,NA,NA,2388.249,2.464,3.537,2.779,4.575,4.264,10.65,5.064,15.136,0.651,0.971,0.248,3.199,NA,1.756,3.165,-0.179,3.003,NA,NA,NA,NA,NA,18866.5976115387,"Europe"
"217","United States",1975,"USA",211274544,5605795299328,30.463,0.144,4478.226,-142.82,-3.091,4660.437,-158.319,-3.285,22.059,0.831,0.241,21.196,0.799,0.232,1195.032,5.656,NA,NA,NA,1092.985,177147.375,295717.562,96189.695,735.112,23284.592,118740.383,55468.121,376.872,91442.547,3.446,7.112,0.034,1042.504,4.934,NA,NA,182.211,0.862,NA,NA,NA,NA,2190.352,10.367,0.06,12.763,19319.482,8.983,26.258,21.753,19.795,18.51,34.914,28.946,29.707,16.897,67.309,22.887,40.217,46.054,2.112,46.22,4.17,27.246,27.058,NA,NA,NA,NA,26533.2263565458,"Amérique"
"218","United States Virgin Islands",1975,"VIR",81383,NA,NA,NA,NA,NA,NA,NA,NA,NA,NA,NA,NA,NA,NA,NA,NA,NA,NA,NA,NA,NA,NA,NA,NA,NA,NA,-0.916,NA,NA,NA,NA,NA,NA,NA,NA,NA,NA,0.037,NA,NA,NA,NA,NA,NA,NA,NA,NA,NA,NA,NA,NA,NA,NA,NA,NA,NA,NA,NA,0,NA,NA,NA,NA,0.001,NA,NA,NA,NA,NA,NA,NA,"Amérique"
"219","Uruguay",1975,"URY",2871956,24353171456,0.316,0.11,5.962,0.285,5.027,-0.047,0.322,-87.37,-0.016,-0.002,NA,2.076,0.245,NA,0.077,0.027,NA,NA,NA,6.887,120.416,204.615,3.756,0,0.022,419.711,109.751,NA,NA,NA,0,0,0,0,NA,NA,-6.009,-2.092,NA,NA,NA,NA,5.569,1.939,NA,NA,NA,0.093,0.035,0,0.001,0.117,0.024,0.02,0.001,0,0,0.081,0.08,NA,0,0,-0.138,0.069,NA,NA,NA,NA,NA,8479.64643469468,"Amérique"
"220","Uzbekistan",1975,"UZB",13894348,NA,3.38,0.243,77.472,3.802,5.161,78.168,3.876,5.217,5.626,NA,NA,5.576,NA,NA,6.672,0.48,NA,NA,NA,47.699,1403.069,1854.802,279.447,8.585,407.326,463.533,660.013,NA,NA,NA,2.011,0.145,32.486,2.338,NA,NA,0.696,0.05,NA,NA,NA,NA,32.922,2.369,NA,NA,NA,0.997,0.454,0.365,0.111,0.808,0.277,0.182,0.086,0.197,1.177,0.089,0.479,NA,0.597,1.44,0.016,0.41,NA,NA,NA,NA,NA,NA,"Asie"
"221","Vanuatu",1975,"VUT",102018,NA,0,0,0.055,-0.007,-11.765,1.521,-1.839,-54.744,14.905,NA,NA,0.539,NA,NA,0,0,NA,NA,NA,0,0.784,23.281,0.155,0,0,99.331,0.629,NA,NA,NA,0,0,0,0,NA,NA,1.466,14.366,NA,NA,NA,NA,0.055,0.539,NA,NA,NA,0,0,0.007,0,0,0,0.002,0,0,0,0.019,0,NA,0,0,0.034,0.001,NA,NA,NA,NA,NA,NA,"Océanie"
"222","Venezuela",1975,"VEN",13176391,207679668224,1.73,0.131,63.75,-11.307,-15.065,97.203,-4.126,-4.072,7.377,0.468,0.327,4.838,0.307,0.215,0.671,0.051,NA,NA,NA,25.535,1834.95,5766.751,11.65,824.756,337.168,5670.187,635.841,NA,22536.438,1.43,5.573,0.423,23.629,1.793,NA,NA,33.452,2.539,NA,NA,NA,NA,32.148,2.44,NA,NA,296.949,0.51,0.374,0.454,0.011,0.432,0.362,0.564,0.004,18.958,0.975,1.093,0.461,NA,1.655,1.048,0.765,0.4,NA,NA,NA,NA,NA,15761.4985942661,"Amérique"
"223","Vietnam",1975,"VNM",46969616,54421135360,0.337,0.007,21.771,2.713,14.237,106.337,47.304,80.133,2.264,1.954,1.556,0.464,0.4,0.319,12.177,0.259,NA,NA,NA,8.244,462.242,3942.419,271.68,0,0,5009.641,182.318,NA,1455.21,1.256,0,0,0,0,NA,NA,84.565,1.8,NA,NA,NA,NA,9.257,0.197,NA,NA,68.351,0.099,0.128,0.496,0.202,0.14,0.091,0.386,0.084,0,0,0.966,0.132,NA,0,0,1.935,0.115,NA,NA,NA,NA,NA,1158.64552437474,"Asie"
"224","Western Sahara",1975,"ESH",66887,NA,NA,NA,NA,NA,NA,NA,NA,NA,NA,NA,NA,NA,NA,NA,NA,NA,NA,NA,NA,NA,NA,NA,NA,NA,NA,0,NA,NA,NA,NA,NA,NA,NA,NA,NA,NA,0,NA,NA,NA,NA,NA,NA,NA,NA,NA,NA,NA,NA,NA,NA,NA,NA,NA,NA,NA,NA,0,NA,NA,NA,NA,0,NA,NA,NA,NA,NA,NA,NA,"Afrique"
"225","Yemen",1975,"YEM",7855660,22565709824,0.029,0.004,2.169,-0.077,-3.426,2.205,-0.333,-13.133,0.281,0.098,NA,0.276,0.096,NA,0,0,NA,NA,NA,0.065,73.54,64.526,0,0,0,-68.847,73.474,NA,NA,NA,0,0,0,0,NA,NA,0.037,0.005,NA,NA,NA,NA,2.14,0.272,NA,NA,NA,0.009,0.013,0.01,0,0.001,0.014,0.006,0,0,0,-0.013,0.053,NA,0,0,0.001,0.027,NA,NA,NA,NA,NA,2872.5415590797,"Asie"
"226","Zambia",1975,"ZMB",4931253,8168467968,0.222,0.045,4.076,-0.121,-2.882,62.773,11.347,22.065,12.73,7.685,NA,0.827,0.499,NA,1.858,0.377,NA,NA,NA,3.034,100.065,1985.743,77.985,0,0,5205.372,19.047,NA,NA,NA,0,0,0,0,NA,NA,58.697,11.903,NA,NA,NA,NA,1.997,0.405,NA,NA,NA,0.065,0.024,0.293,0.031,0.051,0.02,0.194,0.024,0,0,1.003,0.014,NA,0,0,1.343,0.025,NA,NA,NA,NA,NA,1656.4690491443,"Afrique"
"227","Zimbabwe",1975,"ZWE",6097086,14173916160,0.331,0.054,8.311,-0.736,-8.136,16.408,-2.458,-13.029,2.691,1.158,NA,1.363,0.586,NA,5.87,0.963,NA,NA,NA,4.59,249.436,1456.614,216.251,0,0,1267.854,28.595,NA,NA,NA,0,0,0,0,NA,NA,8.097,1.328,NA,NA,NA,NA,2.11,0.346,NA,NA,NA,0.098,0.049,0.077,0.097,0.078,0.049,0.143,0.067,0,0,0.244,0.021,NA,0,0,0.185,0.026,NA,NA,NA,NA,NA,2324.70333533101,"Afrique"
